X,Y,dis_to_goal,angle_to_goal,t
43.94487451824616,18.768478829001502,18.52943810021146,-0.18219219921757457,7908.606
43.94487469044897,18.76847938842748,18.529438338109863,-0.1821925965021549,7908.709
43.94487486265163,18.768479947853503,18.529438576008424,-0.18219299378651854,7908.812
43.94487503485395,18.768480507279584,18.529438813907294,-0.1821933910714506,7908.915
43.94487520538428,18.768481061274382,18.529439049496602,-0.18219378449903267,7909.018
43.9448753775862,18.768481620700598,18.529439287395892,-0.1821941817839683,7909.121
43.94487554978786,18.768482180126878,18.529439525295434,-0.1821945790685282,7909.223
43.944875723661255,18.768482744984546,18.529439765504836,-0.18219498021019476,7909.327
43.944875897534395,18.768483309842278,18.52944000571449,-0.18219538135250257,7909.431
43.94487606806346,18.7684838638374,18.52944024130504,-0.18219577477997717,7909.534
43.944876240264314,18.768484423263967,18.52944047920544,-0.18219617206436567,7909.637
43.94487641246505,18.768484982690552,18.52944071710596,-0.1821965693490064,7909.74
43.94487658466534,18.768485542117226,18.52944095500689,-0.18219696663375906,7909.842
43.94487675519363,18.768486096112632,18.529441190598266,-0.18219736006133758,7909.944
43.94487692572175,18.768486650108056,18.529441426189802,-0.18219775348873135,7910.047
43.94487709792145,18.768487209534946,18.529441664091365,-0.18219815077338364,7910.15
43.944877270121054,18.768487768961887,18.52944190199305,-0.18219854805800484,7910.253
43.94487744232019,18.768488328388862,18.52944213989512,-0.18219894534267933,7910.356
43.94487761619106,18.768488893247223,18.529442380107056,-0.18219934648443115,7910.459
43.944877786718244,18.768489447242946,18.52944261569957,-0.18219973991193505,7910.562
43.944877960588634,18.768490012101473,18.529442855912002,-0.18220014105371352,7910.665
43.95366573030587,18.77016215323996,18.523920112294203,-0.19578713109156176,7910.767
43.98316328866696,18.776291186861897,18.50574164077521,-0.22176222578642069,7910.87
44.012935600803665,18.783340660302525,18.48799489867944,-0.25312052396124773,7910.972
44.042745798798954,18.79144870722228,18.470952591453,-0.2889705654351875,7911.076
44.07253736706152,18.800695235300914,18.45471349675657,-0.32835852381324937,7911.179
44.10138424693725,18.81088154526615,18.43984313271562,-0.36928614613481514,7911.281
44.130060852430404,18.82236161240559,18.42599776205823,-0.411825952908357,7911.384
44.130060852430404,18.82236161240559,18.42599776205823,-0.411825952908357,7911.384
44.15799271219482,18.834864307398803,18.41343005391597,-0.4378485619234347,7911.486
44.18567204010275,18.847943591924356,18.40147708890829,-0.4458662714800665,7911.589
44.21357388736682,18.861210965871116,18.38952709635937,-0.4391352978652314,7911.692
44.24188261668755,18.874320925009368,18.377213428390903,-0.4240516733008626,7911.795
44.27014671501046,18.886811156607394,18.36456267536213,-0.40252290013923364,7911.898
44.298697472129795,18.89863533618213,18.351295876431102,-0.37574840281823274,7912.001
44.327291595361096,18.909542609927243,18.33742342106058,-0.34511778960409245,7912.103
44.35650038405221,18.919636352846872,18.322589457632343,-0.3119044521945993,7912.206
44.38573450248095,18.928662544832516,18.30705739988371,-0.279857543318359,7912.308
44.41546160964549,18.937037671059315,18.290760115952246,-0.2666931297305126,7912.411
44.444963989186654,18.945114671914205,18.274464515510427,-0.2694977676788577,7912.514
44.47472224448949,18.95348707336344,18.25821735495939,-0.2840305629258726,7912.616
44.504036188819036,18.9622905879665,18.24262700654097,-0.3068646898846481,7912.719
44.53368475703687,18.972020537756503,18.227458464540565,-0.33658941817729016,7912.822
44.56246107467788,18.982458160416336,18.21345147468372,-0.3655247170530913,7912.924
44.59098630254934,18.993568825438718,18.200127622636977,-0.378574283123184,7913.026
44.619671906807405,19.004980045843972,18.186933506322838,-0.3759119020605475,7913.13
44.64841870829354,19.016176374879173,18.173590664922106,-0.3613157376144649,7913.233
44.67768364637049,19.026960468469504,18.159630551770707,-0.33789579933573943,7913.336
44.70664942739402,19.03680315274862,18.145285202123652,-0.3086353458288684,7913.439
44.73619607649329,19.045827337303198,18.129995710747156,-0.27544915872517794,7913.541
44.76601226817775,19.053875485680425,18.113878812028066,-0.2486511110722187,7913.644
44.79569703580152,19.06125454537364,18.097434408564318,-0.23948462109745705,7913.746
44.82543163507639,19.068539427691398,18.080925738048048,-0.24509973270407315,7913.849
44.85538020149387,19.076189685706982,18.06455177830337,-0.26162742065111644,7913.951
44.88487387527,19.08433890991377,18.048889588030313,-0.28583008014196754,7914.053
44.914420248893194,19.093350001800356,18.033825282920372,-0.31569543906423014,7914.157
44.943953593244615,19.10338890319711,18.019524446133165,-0.3478340290108184,7914.26
44.97291729944015,19.1141907246167,18.0062062108513,-0.368000183797772,7914.363
45.00146214344382,19.12527213061789,17.99342649366122,-0.37032762826369936,7914.465
45.03030268628076,19.13637475534746,17.98049282958191,-0.3596386709035748,7914.569
45.05929926180889,19.147049877760917,17.96719263254894,-0.339171768107315,7914.671
45.08882574803248,19.15713850424755,17.953146782228906,-0.31128933118030044,7914.775
45.11830987636149,19.166236163850506,17.93847965319615,-0.2783168653429131,7914.878
45.147790651538166,19.17433042086478,17.923151497308428,-0.2420720853646472,7914.981
45.17784599652674,19.181426407432713,17.906751926073973,-0.2069718473537847,7915.084
45.17784599652674,19.181426407432713,17.906751926073973,-0.2069718473537847,7915.084
45.20813309161424,19.187522165586845,17.889521728397238,-0.18612970766711356,7915.187
45.238533723246526,19.193167323165543,17.871930063051618,-0.1802978331432845,7915.29
45.26922219144932,19.198846453610436,17.854194815109185,-0.18843191022521388,7915.393
45.299535344355974,19.204836292027878,17.836981625429534,-0.20701444568701355,7915.496
45.32941955671517,19.21140170737385,17.82051585529611,-0.23290246749014099,7915.598
45.35940438623229,19.21885837052703,17.804648662727264,-0.26296305572068235,7915.701
45.38921332539744,19.227018821583393,17.78944472567814,-0.27416478782169484,7915.804
45.41869985449108,19.235269429375066,17.77457223864132,-0.2697817005911318,7915.906
45.44851344472791,19.243342436002717,17.759384053788978,-0.2544118321398301,7916.01
45.47847633105585,19.25086477246872,17.743739107591104,-0.23078564461051698,7916.112
45.508921664302015,19.25766656512893,17.727281802165926,-0.2005368997164183,7916.216
45.53986563864885,19.263538957221073,17.70985075651629,-0.16526851012993138,7916.321
45.57040688509112,19.268200001614904,17.69187139684366,-0.12930657443635774,7916.424
45.60077987887279,19.271779928137622,17.673269141165623,-0.10101795224395893,7916.526
45.63121101619961,19.2747288542145,17.65420643964604,-0.09223440175003361,7916.628
45.662574364009174,19.277665385323864,17.634519773418003,-0.098457679644258,7916.733
45.693326032021425,19.28086646576264,17.61548223840903,-0.11544210312037251,7916.836
45.72400033291425,19.284680252676402,17.59697401839038,-0.140400081450748,7916.939
45.75425955892817,19.28927554015679,17.579352232535012,-0.1709319247829244,7917.042
45.78465134232402,19.294890857559665,17.562412470179254,-0.2037729754714448,7917.144
45.814612194124784,19.301413336738413,17.54646503407242,-0.2298389625143411,7917.247
45.84500494107714,19.308714398277132,17.530824330783048,-0.24146189467657386,7917.35
45.874980235214984,19.316083920026003,17.515562014343427,-0.23683983367523176,7917.453
45.90471021548978,19.32310733312536,17.500257288593108,-0.22098938694738024,7917.556
45.93490260186711,19.329622478567217,17.484305493532883,-0.1968580971280547,7917.658
45.9652702884131,19.33533973660213,17.467691687348847,-0.16657324412456465,7917.762
45.9958096872022,19.340077237445097,17.45028367592861,-0.13171827081741583,7917.864
46.026800193331546,19.343735506131807,17.431815941133966,-0.0931694678175905,7917.968
46.05731339354365,19.346143300982966,17.412793334387285,-0.053521068931004834,7918.071
46.08848107290838,19.347449425808367,17.392550865115894,-0.02709129837337443,7918.174
46.11908515800179,19.348160196310275,17.37228610189141,-0.01979692993581672,7918.277
46.150288240574916,19.348835194712102,17.351619411184213,-0.026794563042295216,7918.38
46.1808719265931,19.349827113795236,17.331636776032607,-0.04374487539690186,7918.482
46.1808719265931,19.349827113795236,17.331636776032607,-0.04374487539690186,7918.482
46.21172491502425,19.35144123934597,17.31196183189659,-0.0683023916353509,7918.586
46.24252049107385,19.35387960310149,17.292966796177048,-0.09871788634926215,7918.689
46.273221203783976,19.357298588253386,17.274794759813492,-0.13320747370504193,7918.792
46.303833468921425,19.361708590989544,17.25745177829811,-0.16934857608082154,7918.894
46.33431206420205,19.36712887038706,17.24098527803607,-0.19002370078389852,7918.997
46.36439051720884,19.37295472891624,17.225127863985197,-0.19359521139618252,7919.1
46.39499703087874,19.378835176073498,17.208997604150166,-0.1830208778887723,7919.203
46.426605604951405,19.38443557708367,17.192030961127827,-0.16225860932872216,7919.31
46.45745619653988,19.389165663516778,17.174964374120826,-0.1343456679836379,7919.414
46.48782721320749,19.392899247733844,17.157513232370455,-0.10184570210882438,7919.516
46.51830537370006,19.395604111993077,17.139259118525658,-0.06558985883130042,7919.618
46.54945964823335,19.39719470813975,17.119757982410878,-0.028901821648213755,7919.722
46.58003731906306,19.397761697517442,17.09990684336668,-0.004299689693958442,7919.825
46.61090742962565,19.397764590569416,17.079470914560925,0.006583591178810355,7919.927
46.64147423938818,19.397464904778378,17.059039542269133,0.016010477485984165,7920.029
46.672345573835095,19.39685960997671,17.03820794777304,0.022908350479448725,7920.133
46.70324274916999,19.396168809260356,17.017325514025515,0.018606953958979933,7920.236
46.73446287676147,19.395719705815612,16.99644336844614,0.005201244357234014,7920.339
46.76537977341331,19.395750797143872,16.976154260414695,-0.012889692809530118,7920.442
46.79630292688947,19.396346131231084,16.956319290039417,-0.027327323720999885,7920.545
46.82692045598048,19.39726744938141,16.93696406381759,-0.03420096923674798,7920.648
46.857818568149455,19.398399352023333,16.917618282827334,-0.04209210660028084,7920.75
46.888402165667046,19.39978037537212,16.898700899389915,-0.04930358487918429,7920.852
46.91897123543038,19.40133004941041,16.879955300252515,-0.0518106431093992,7920.955
46.95011966384068,19.402951039634733,16.860922018887592,-0.052322888423240954,7921.058
46.98065613477759,19.40456864032273,16.842319518457586,-0.05501597280771797,7921.161
47.01149091510709,19.406293077062184,16.823640168246744,-0.05671287760317867,7921.263
47.04201674995673,19.408036849317984,16.805211352247095,-0.05812652236014593,7921.366
47.07285530143973,19.409838608743957,16.78666039365112,-0.05851840062587499,7921.468
47.103726993824274,19.41162418682718,16.76811209028118,-0.05551160240508324,7921.571
47.13427841258193,19.41325879580681,16.74969079934864,-0.04911514886572732,7921.674
47.165143647822404,19.4146360518675,16.73090636791058,-0.03519966178444278,7921.777
47.19603224925477,19.415498498601234,16.711747864949114,-0.014611960514974598,7921.88
47.22693679835951,19.41565489416444,16.692071855657982,0.011856932164466372,7921.983
47.22693679835951,19.41565489416444,16.692071855657982,0.011856932164466372,7921.983
47.25783569253652,19.414928984485133,16.671754793370905,0.04351428503339827,7922.085
47.28868830336371,19.41334227639371,16.650836894722406,0.06333549172994779,7922.189
47.32014013064345,19.411289610974958,16.629209221761048,0.06712407769363216,7922.293
47.35068503537657,19.409346057123113,16.608274017922454,0.056971941285872685,7922.395
47.38124732885555,19.407822085610533,16.587682051103357,0.037059098933404755,7922.498
47.41243443012876,19.40697408140753,16.56724803632813,0.009520631823240144,7922.601
47.443337825184294,19.407015328457536,16.54771582459746,-0.0202052079041799,7922.704
47.47394886503863,19.407751692993553,16.528941942991015,-0.03028142081450369,7922.807
47.504860166339306,19.408637034305364,16.510129932114328,-0.024948473785743275,7922.91
47.53604086274072,19.40924068132076,16.490966006488353,-0.008767638289073787,7923.013
47.566932521206056,19.40924981047929,16.471557624413006,0.015061436887500168,7923.116
47.59781619929425,19.408456883605183,16.451564412431516,0.04407905229837139,7923.219
47.628652338131005,19.40674531571422,16.43091811896406,0.07108730520838247,7923.322
47.659141640368105,19.404454612652184,16.41006837673012,0.07889955378176827,7923.425
47.69023463058513,19.402044953168296,16.388779700999603,0.07192129354648236,7923.528
47.72078307886866,19.400011620935114,16.368156255191412,0.054595427354715564,7923.631
47.75195992062555,19.398575664421262,16.347641689411418,0.0289713139870873,7923.734
47.78256077826889,19.398008865728098,16.328200032288528,-0.0018092420387185726,7923.836
47.813775083961396,19.39842277582424,16.309183043901733,-0.028389101423130114,7923.94
47.84438236975632,19.399415550664617,16.291033884559965,-0.03527460917195668,7924.043
47.87556223535387,19.400470370041603,16.272617870344963,-0.027727164332015164,7924.146
47.90613843541504,19.40115422277972,16.2543200018711,-0.011714704773819307,7924.249
47.937029254757896,19.401286778105273,16.235430834945827,0.010326910045419524,7924.351
47.96791980516732,19.400660059258716,16.21597884046383,0.038595068471429794,7924.455
47.998767485977034,19.399176992098006,16.19591137176043,0.058665999462983454,7924.558
48.029586645341126,19.397289708983482,16.175575345215872,0.06118497690951408,7924.661
48.0604283020369,19.39548609468177,16.155325337312274,0.05044487662711772,7924.763
48.09100061877209,19.39414072694991,16.135636603620302,0.03026829568922329,7924.865
48.12189039568052,19.393489094591143,16.116340236588623,0.003228058663847566,7924.968
48.15278871669252,19.39368215409323,16.097746697291154,-0.022558834153740825,7925.071
48.1839914403263,19.394571869759087,16.079561662889684,-0.0350084033744924,7925.175
48.21456454172465,19.39562950596736,16.061930636436106,-0.03123024413904041,7925.278
48.24545137655306,19.39644341607733,16.04395503185422,-0.01643833110752979,7925.38
48.27604773220068,19.39674693354012,16.02578557568941,0.0014829390247981244,7925.483
48.27604773220068,19.39674693354012,16.02578557568941,0.0014829390247981244,7925.483
48.306936966198975,19.39655518230053,16.007082034788986,0.013636927556349043,7925.586
48.33814377683379,19.396061770848476,15.98798453951443,0.0190785585908384,7925.689
48.36932606719369,19.39535734825487,15.968770644875415,0.028747939901711206,7925.794
48.40019087101178,19.394482111573268,15.949646761461128,0.02724267224117849,7925.897
48.431089059388896,19.393788263680698,15.93068568898415,0.01387694004195783,7925.999
48.4619912738828,19.39360119739822,15.912167435984445,-0.008026719862348486,7926.102
48.49289383856088,19.394149626982248,15.894279981363239,-0.03427699757803904,7926.205
48.5234805705575,19.39530483867473,15.87710864769426,-0.04344092899380314,7926.308
48.55466449884582,19.39660190449154,15.859740057115756,-0.03732639234072899,7926.411
48.58553145077175,19.39758902861263,15.842349903072629,-0.023151670939381752,7926.515
48.61670136201909,19.39814832462045,15.824476707941256,-0.010154271272817539,7926.618
48.64727807727271,19.39836957817724,15.806718466175985,-0.004541160211889661,7926.721
48.678492848947656,19.398569794647717,15.788609326482568,-0.010522683207865313,7926.824
48.70910486681346,19.398978370904384,15.771062049151668,-0.015045375477811262,7926.926
48.73997236702429,19.399368256442266,15.753390807019573,-0.0059335735298198244,7927.029
48.77083745855306,19.39937607288569,15.73545065562481,0.006950291491185645,7927.133
48.80199935008678,19.399097515892247,15.717145256389804,0.010101524488018931,7927.236
48.83257621235407,19.39879178965636,15.699196467695037,0.012764520204426866,7927.339
48.863396802647124,19.398281744594502,15.680979263402781,0.025624521750911455,7927.441
48.89424184972511,19.397281555384204,15.662386659227018,0.04617597614839308,7927.544
48.92476343333881,19.3955822941578,15.643446361058457,0.07333978409416986,7927.647
48.95552292441401,19.392939907650828,15.623633699498754,0.10603202498453834,7927.749
48.98617227438448,19.389061642560986,15.602906146181235,0.14265176573254568,7927.852
49.01638259928038,19.384169314905513,15.581630175589865,0.1817452826061663,7927.955
49.04668760046465,19.37812891487344,15.559387771862333,0.2234008552220006,7928.057
49.07671244986998,19.3708147513927,15.536286385513728,0.26669401359949996,7928.161
49.10638887045592,19.36219167297553,15.512332160299358,0.31120348316442614,7928.264
49.13564851550272,19.35224675968369,15.48754939713047,0.3566202035145354,7928.367
49.164707995943516,19.340875505147288,15.461725595287847,0.40303410350527047,7928.47
49.19269144812947,19.328513143623766,15.435711370027311,0.4329491825343057,7928.573
49.220663991897986,19.31540676011502,15.40910566749671,0.4432131512570039,7928.675
49.24860649402492,19.30218119413101,15.38243440349301,0.43763765871791893,7928.778
49.276396450701576,19.289358347900823,15.356197859328873,0.42125043636838333,7928.88
49.3047008105155,19.27696290189013,15.33004245964371,0.3966013999351121,7928.983
49.3047008105155,19.27696290189013,15.33004245964371,0.3966013999351121,7928.983
49.333045727470044,19.265444883810183,15.30460870442559,0.36615535404247535,7929.086
49.36230920119542,19.25464330421813,15.27927380522535,0.3306430451046456,7929.189
49.39166172146428,19.245005458760364,15.254876275762497,0.29217129637159234,7929.292
49.42106487532173,19.236548529641155,15.231454601040744,0.2516351270420416,7929.394
49.45078041399662,19.22927165265525,15.208865306584766,0.2107649917738743,7929.497
49.48138471639563,19.222962461466036,15.186615691187392,0.19005390701339042,7929.6
49.51146442019455,19.21720499554612,15.165147736992306,0.18756306156440594,7929.703
49.542021080782305,19.211276509319845,15.14330518470722,0.19903256609095266,7929.806
49.57194409335072,19.205016921962436,15.12156831296964,0.21960708980538923,7929.908
49.60173777018998,19.198057586475564,15.099348905935374,0.24696570700336906,7930.011
49.63189391705591,19.190062241017362,15.07609395029055,0.28017145095300133,7930.114
49.66124482136094,19.181409934052162,15.05275941893951,0.31654092834670156,7930.217
49.69089565725934,19.17259768909927,15.029153030113992,0.3522001645884303,7930.32
49.72011065654978,19.16168828709176,15.004053913718106,0.3660749863615953,7930.423
49.7486997191034,19.15072620139751,14.979274514522952,0.36400002581969115,7930.526
49.77763680145533,19.139838374724597,14.954389804493989,0.35036658852170177,7930.629
49.80674576258756,19.129437301043204,14.92984316940189,0.32975604989801877,7930.731
49.835704300610644,19.119466340218246,14.905763241506268,0.3062973956642896,7930.834
49.86528880464579,19.10939770923802,14.881286813267575,0.2773392167078659,7930.937
49.89510155555455,19.101262561739798,14.858340686751195,0.24537020633837914,7931.04
49.925168489769185,19.09407143016456,14.836082251640171,0.2211313302994884,7931.143
49.95536066712265,19.087395437250052,14.814222208106568,0.2158522397277718,7931.247
49.98582949677427,19.080651412613722,14.792188846672483,0.22473758567822344,7931.35
50.015901498734834,19.073581904213814,14.770125534567791,0.24383473155040392,7931.453
50.045815979024,19.065847099351462,14.747615100828014,0.2703433607327872,7931.556
50.07549913183778,19.057252674155247,14.724530318297615,0.3024019819618968,7931.659
50.10460103499675,19.047797955789093,14.701053802708726,0.33267218782316244,7931.762
50.1336497596437,19.03727869938612,14.676728861734853,0.3522175103208913,7931.864
50.1621551694601,19.026093359557283,14.652150612307688,0.3621137769151348,7931.967
50.191267487382696,19.014916135980283,14.62728179080032,0.37208703426073475,7932.07
50.219709262844596,19.003648643933392,14.602713592925374,0.3872664424331882,7932.172
50.24796724854378,18.991933341525773,14.577883813916076,0.40273128164727323,7932.275
50.27663033592051,18.979638866997234,14.552370380219765,0.4061644548211314,7932.378
50.30473108854753,18.967590574531105,14.527383234644383,0.4024876215510229,7932.48
50.333020741116755,18.95587257339959,14.50260042858187,0.390423388529479,7932.583
50.333020741116755,18.95587257339959,14.50260042858187,0.390423388529479,7932.583
50.36211009652603,18.9452596816471,14.478366060985564,0.36956656863556914,7932.685
50.390787564264144,18.934552348496723,14.454291000893148,0.3546197542463685,7932.788
50.42007542784976,18.92373556179833,14.429830317951374,0.3539765987894965,7932.891
50.44906829510039,18.91300070857897,14.405618638878858,0.35611341896507964,7932.994
50.47797178245346,18.902134042236213,14.381366002588203,0.36543480945107554,7933.097
50.50656092396079,18.891169833707295,14.3572173289372,0.36792546195511866,7933.2
50.53566816883283,18.879973984064534,14.332628177872627,0.366669211562602,7933.303
50.56445697507149,18.86880904270065,14.308254744663417,0.37618875211140157,7933.406
50.59310957781071,18.857268676641898,14.283653812496466,0.39508409580321224,7933.509
50.62150767301587,18.84510799366884,14.258674283992619,0.42146038762462057,7933.612
50.64955333882898,18.83213978625483,14.23320316253207,0.45343344760882287,7933.715
50.67714843035771,18.81823678062282,14.207178347281124,0.4894875165827193,7933.819
50.704207366983034,18.803316511539915,14.180569370836103,0.5286246238644292,7933.922
50.73090519817844,18.787170373537467,14.153104510835826,0.5704291828080041,7934.025
50.756414031379975,18.770265306850355,14.125602824506275,0.6131043833873981,7934.127
50.78166334806207,18.75193110588219,14.097012153204181,0.6579088159323443,7934.231
50.80559298498792,18.73286507452256,14.068467267368277,0.6956803490244949,7934.333
50.82938569393034,18.712693324344393,14.039045280481945,0.711680454698068,7934.437
50.850204474453946,18.69470174831668,14.013012426963053,0.7104855071628098,7934.54
50.85337622900221,18.69196406930299,14.009049695825611,0.6967213077322723,7934.642
50.85337713338989,18.69195802585088,14.009044019526142,0.6745222651741711,7934.746
50.85337356157616,18.69195183715341,14.009040472503571,0.645817150045513,7934.848
50.85393215465324,18.69156764315941,14.008427208651911,0.6126543524961545,7934.951
50.85977424786318,18.688101725128124,14.002490796556206,0.5754544172639742,7935.053
50.87884709155658,18.67645720206613,13.982830862142633,0.5395133289656231,7935.156
50.9052813553143,18.661021149462844,13.9562041716932,0.5158156465395125,7935.259
50.93276020163113,18.64559704249572,13.929080919248547,0.5066066049493743,7935.364
50.96009974207952,18.630551470291135,13.902373657177147,0.49415970822347255,7935.468
50.98740969292798,18.616086434349818,13.876203064456073,0.4725951639781911,7935.571
51.01532720408916,18.60215807755789,13.850214967389935,0.4438972175352349,7935.675
51.04365536930622,18.58909343261705,13.824794095831262,0.41004830526113434,7935.778
51.07179516206677,18.57711329671826,13.800432261124762,0.373081249933398,7935.881
51.10060009904159,18.565957978014126,13.77648345922618,0.3330440739934688,7935.984
51.10060009904159,18.565957978014126,13.77648345922618,0.3330440739934688,7935.984
51.12981102273552,18.55590633750927,13.753322400258902,0.29099288065124984,7936.087
51.15946941847732,18.547262704018593,13.731197853974244,0.2602687118171958,7936.189
51.18968301818344,18.53953544344327,13.70963375332102,0.22668528945438648,7936.293
51.219546363095745,18.53291942731591,13.689247397681331,0.19290152890621926,7936.396
51.24991545177247,18.52719377140891,13.669430175603617,0.17396706148152496,7936.498
51.28003870810064,18.521922400738983,13.650170654953019,0.17206877490890982,7936.601
51.31103635186364,18.516399723482927,13.630309299268257,0.18288823595923498,7936.705
51.34168442944104,18.510633118474747,13.610446847173101,0.1904920552684155,7936.809
51.37174748581627,18.50483064158463,13.590876909047251,0.1902497671587553,7936.911
51.40183180767511,18.49910655832889,13.57140642075174,0.18533109973084017,7937.014
51.432206235089986,18.493404622030926,13.55185794112727,0.1877553917289334,7937.117
51.46281880452201,18.48745465720654,13.532020273691973,0.20080248376444487,7937.22
51.4930450403989,18.481076648733687,13.51203222389618,0.2215783497595507,7937.323
51.52283706761294,18.474074935430423,13.491741451561575,0.2455393026934951,7937.425
51.55094961089065,18.466819390386778,13.472058516911925,0.2621571958422524,7937.529
51.55903418883624,18.4646409510801,13.466323345725787,0.26186045545193526,7937.632
51.58158237468954,18.45869480772727,13.450456723818426,0.24863767375453838,7937.735
51.586518256842666,18.45743184594595,13.447020486866828,0.226638821752561,7937.838
51.590667122118084,18.45669119576039,13.444416237122994,0.19965582635403356,7937.941
51.617247648715654,18.451844360395583,13.427661143506828,0.17958626931541666,7938.044
51.64796025418927,18.44634879868983,13.408435725852103,0.17706311905803584,7938.147
51.67864985831516,18.440766955877063,13.389189745118385,0.187998410058416,7938.251
51.708963471955656,18.434848725633636,13.369865195853135,0.19814679556440273,7938.354
51.738938490338064,18.428797859278195,13.350623015757765,0.19873357491786692,7938.457
51.769497605913635,18.422622704814707,13.331043834834421,0.20388443949994128,7938.56
51.79970973890211,18.416217185345914,13.311463480393083,0.22008182911798713,7938.663
51.82184653745356,18.411162096306466,13.296822398252482,0.24437405288800473,7938.767
51.82271246070606,18.41097336144018,13.296258150243686,0.258024346745676,7938.87
51.8227387612424,18.41096631112322,13.296239841308175,0.25535487738188456,7938.974
51.82275670055749,18.410960080468588,13.296226089031414,0.24076984231973242,7939.077
51.82276434842915,18.41095374941165,13.296216959100978,0.21750837619569774,7939.181
51.82276434842915,18.41095374941165,13.296216959100978,0.21750837619569774,7939.181
51.82282460550513,18.410933315578127,13.296171205827962,0.18695892346262344,7939.286
51.83721331257831,18.408802672403453,13.287694862546216,0.15444952636918563,7939.391
51.868103655742466,18.404251662312664,13.26955363888364,0.13921006516768708,7939.495
51.89931368260588,18.399861604681764,13.25145958480972,0.14093580420751017,7939.6
51.93054407849731,18.395520787804088,13.23345057755036,0.1329482932314643,7939.704
51.961801192805545,18.391547675299552,13.215808586018404,0.11431989192638037,7939.809
51.99314142175917,18.38824268240984,13.198778194512528,0.08780713511286153,7939.914
52.023968262099515,18.385866211446128,13.1828611954275,0.05820403266083307,7940.018
52.05516077567457,18.384340397236663,13.167596885862972,0.03517489824981457,7940.121
52.08574614985763,18.383357197205196,13.153144372801883,0.026916180903489906,7940.224
52.116648705061365,18.382612473984906,13.13882141549049,0.017411819166464504,7940.325
52.14694795017056,18.38224284843378,13.125157535263371,0.0009534614057882251,7940.427
52.1778433997112,18.38246292141393,13.111819135541671,-0.023146596849963785,7940.53
52.20841920152304,18.383475974059536,13.099393083356214,-0.05257912897351957,7940.633
52.239545304360234,18.385481742683126,13.087682988110386,-0.08713407157044983,7940.736
52.270583453565564,18.388571489902212,13.077052733186166,-0.12526010274247135,7940.84
52.300891294246235,18.392726348934087,13.067763762051472,-0.165199268833927,7940.943
52.33159516259404,18.398219355903493,13.059580578530387,-0.20783960380633193,7941.046
52.361452404186814,18.40488454573671,13.052887697827344,-0.2511282826715222,7941.148
52.39127770040582,18.41294233885547,13.047538517587876,-0.2958445043030453,7941.251
52.42077410906361,18.422619858531778,13.043868045876843,-0.3296855998910111,7941.354
52.44970053479167,18.432734704497225,13.040906238864588,-0.3445457767790501,7941.457
52.47904586798261,18.443325098359953,13.038273607785912,-0.3454198115677807,7941.56
52.50786442811048,18.45358981817726,13.03563700442112,-0.33365330348710565,7941.662
52.53683808638422,18.46340534305064,13.032598489568938,-0.3126232238224045,7941.764
52.56633100184308,18.472615369252328,13.028865889840718,-0.2844991101523231,7941.867
52.595804526329445,18.48084685963742,13.024320042586856,-0.2516451461617635,7941.97
52.62582907500195,18.48813232455466,13.018756283808647,-0.21470056642540136,7942.072
52.65606373595429,18.49440286854184,13.012250148348738,-0.19208791305903716,7942.175
52.68642468183002,18.50007065774349,13.005211346880795,-0.17068203263655946,7942.278
52.716574535207585,18.505129482633254,12.997768217900736,-0.16165453018217857,7942.38
52.74675364250823,18.510062155624446,12.990265383821152,-0.1638535682536304,7942.483
52.74675364250823,18.510062155624446,12.990265383821152,-0.1638535682536304,7942.483
52.777517075248646,18.515078000989718,12.982675621864434,-0.15612221562728035,7942.586
52.80805670179566,18.519681290025627,12.974864974236906,-0.1377782860394463,7942.689
52.83869409143124,18.52363282920203,12.966485110487453,-0.11191827981298452,7942.792
52.86968167663398,18.526970155130805,12.95747140785357,-0.10015473514727624,7942.896
52.900413666199405,18.53010231787989,12.9484361448494,-0.10435199818989993,7942.999
52.93084032700536,18.533458584365377,12.93979265697975,-0.1198231825913485,7943.102
52.96180607877969,18.53745253567414,12.931598709138328,-0.14409797656790424,7943.205
52.992046912316525,18.542160476679115,12.924411113584467,-0.17234540949038202,7943.307
53.02275222936132,18.547717990784037,12.917902705885847,-0.19230463710034407,7943.411
53.05302046810597,18.553901167437306,12.912210551158358,-0.2189770178039625,7943.515
53.08309986071245,18.560934082875296,12.907448538390518,-0.2511327956607978,7943.618
53.112930867369734,18.568984327991444,12.903795480148418,-0.28349314679832105,7943.721
53.14253515258384,18.577839290949054,12.901046931818001,-0.30431719875197594,7943.824
53.17221845961975,18.587435969782707,12.899032668126853,-0.32929132602667543,7943.927
53.20106367924475,18.597626796967916,12.897952650253837,-0.3596262317379857,7944.03
53.22984858558677,18.608838691759715,12.897918466185715,-0.3946379488091214,7944.133
53.25849708737754,18.62117597588677,12.899057124801418,-0.43031830549347205,7944.236
53.28615373502924,18.634252947504095,12.901317116695687,-0.4641695579572982,7944.339
53.31361539292864,18.6484051423366,12.904723400090846,-0.501837695749991,7944.441
53.340534437026335,18.663565416974215,12.909337605359848,-0.5420994382298137,7944.544
53.36656197826898,18.679646950522635,12.915200054416202,-0.5839207866981813,7944.647
53.392377904126796,18.69715919927111,12.922546702473813,-0.6279954049304948,7944.75
53.41693667336945,18.715420774546665,12.931103859180785,-0.6607436665362769,7944.852
53.44121429675387,18.734530609479897,12.940620904196642,-0.6729430181552676,7944.956
53.465596396570916,18.753960021863723,12.950468980066796,-0.6689895237870207,7945.059
53.48991628326035,18.773001369624556,12.960040988949872,-0.6535392960501314,7945.163
53.51459712454024,18.791584046888623,12.969125633244783,-0.6296638299863542,7945.266
53.539763439808425,18.80950919168773,12.977494845993043,-0.5995492725300213,7945.369
53.565492164137446,18.826619802327915,12.984976415942956,-0.5648169509736043,7945.471
53.59182097442218,18.842788322273407,12.991439172292644,-0.5266702497474673,7945.574
53.618975155294,18.858159295335106,12.996946822758078,-0.4855464352072101,7945.679
53.64663834476461,18.87260500607154,13.001486005011316,-0.4425226880920352,7945.783
53.64663834476461,18.87260500607154,13.001486005011316,-0.4425226880920352,7945.783
53.6749657616879,18.88567043787939,13.00457713717047,-0.3981161078427604,7945.887
53.704098046997935,18.897599361653608,13.006406624630912,-0.37259083054099484,7945.991
53.732911228837004,18.908776010661644,13.007702064662642,-0.36677019473745975,7946.094
53.762025146198354,18.920067968398012,13.009084191175235,-0.37582391983215047,7946.199
53.79097696446655,18.93172680185843,13.010940443294862,-0.39537285557734414,7946.302
53.819384943315114,18.94389920952476,13.01352977562481,-0.42214995836344293,7946.405
53.84743456408684,18.956880332753897,13.017072139530125,-0.45260254388131127,7946.509
53.875697238711055,18.97085444924682,13.021565023574482,-0.4709801089241692,7946.614
53.90342899797316,18.98519674700587,13.026646291017009,-0.4897276185368291,7946.718
53.93084217770099,19.0001230206467,13.032453735285177,-0.5111978543676532,7946.821
53.9582933559019,19.015613781228204,13.038859737003742,-0.5204829186524478,7946.926
53.9847737809172,19.030972571414956,13.045504949739366,-0.5310402646084862,7947.028
54.01117639861027,19.046458098279906,13.052362768056849,-0.5264388809287732,7947.13
54.037965027368394,19.06184798103732,13.059082926889886,-0.510583225058836,7947.234
54.0653139649111,19.076866616771266,13.065352984647765,-0.4861502078006019,7947.337
54.09252951648093,19.09088610938692,13.070777880922089,-0.4572810957455751,7947.44
54.120663315830555,19.104370592161526,13.07549401835164,-0.43265143141477136,7947.544
54.148800562678424,19.117142778436254,13.079599665075214,-0.4125671730467513,7947.647
54.17722899726687,19.129264326295655,13.083070327853322,-0.3852194344955153,7947.749
54.20600524846422,19.14054208481515,13.085705320773533,-0.35258853500087817,7947.853
54.2351152078201,19.150886071042454,13.08742286034586,-0.3284854879224337,7947.956
54.26442253678929,19.16067202902603,13.088622169716997,-0.3092594150888637,7948.058
54.293656581362725,19.169718582347862,13.08920392279795,-0.282872955898549,7948.161
54.3234293758615,19.17800178079407,13.08897542496004,-0.2507874462509747,7948.263
54.353145066249596,19.185285630387263,13.087873667283942,-0.21494283594950403,7948.365
54.383641443777876,19.191812073892255,13.085903568830759,-0.17531500719084114,7948.469
54.413761517949425,19.196939843698345,13.08276024950393,-0.15006641522895947,7948.571
54.444045992026346,19.201407543916932,13.079007509140498,-0.14377374859201186,7948.673
54.47462995649261,19.205743640387514,13.07511969106998,-0.13329054288701592,7948.777
54.50527126773905,19.209635934908913,13.070860295708451,-0.11304545694426871,7948.879
54.53599908411204,19.212817364886593,13.065963432051051,-0.08560408590535573,7948.982
54.53599908411204,19.212817364886593,13.065963432051051,-0.08560408590535573,7948.982
54.56651073177713,19.215070382504198,13.060295657063289,-0.05316443707524776,7949.085
54.59738197014611,19.216290443144935,13.053606726355984,-0.016465259656317954,7949.187
54.62827621131268,19.21634989214848,13.045858447192892,0.023118054777612418,7949.291
54.659149340332924,19.215212760315918,13.037025245611122,0.06487615083855447,7949.394
54.68995091895496,19.21284905475191,13.02708848298,0.1082737855760545,7949.497
54.72062647531097,19.20918743780152,13.01598997657708,0.1528451288118018,7949.6
54.75110599411508,19.20416516236865,13.003683096874154,0.19828474398429563,7949.702
54.781597884107356,19.197680777000013,12.990015949699877,0.2447800847969499,7949.806
54.81167854952256,19.189777596175766,12.975129721262187,0.2915521374053949,7949.91
54.84070821188584,19.18066842407962,12.959378204439462,0.3375362432166127,7950.013
54.86951950848197,19.1701182942867,12.942329694361389,0.3840764894239399,7950.115
54.89808212809786,19.15806579074759,12.923928465743042,0.4278927099976704,7950.219
54.92580357460901,19.145142010236835,12.904922285799715,0.4476717851948271,7950.322
54.95362448338236,19.131718644401587,12.885451592807549,0.45013576178162573,7950.424
54.98123149400845,19.118483487678365,12.866257554655022,0.43928813825341306,7950.526
55.00901432810582,19.105649851824385,12.847459246170311,0.41906263198795113,7950.628
55.03707758322962,19.093454693448894,12.82926585911723,0.3919074745066493,7950.73
55.06546640463616,19.08205776095706,12.811825727750163,0.3595008682684697,7950.833
55.094799560913906,19.071468843055893,12.795015357255556,0.32253097197934455,7950.936
55.12409974075156,19.06266407477063,12.780007409096225,0.28604740267615547,7951.038
55.15396076816486,19.05465351227671,12.765709515280633,0.2587177049707101,7951.142
55.18390088324568,19.04695578802808,12.751759247227614,0.24933784888444865,7951.245
55.21414821944626,19.03926545242657,12.737810923690793,0.2438864111455814,7951.348
55.24388410724531,19.03200134770761,12.724447787230577,0.22822394988234684,7951.451
55.274021490106335,19.02517785647434,12.711492084990295,0.21672851265591664,7951.553
55.30417960464461,19.018524385219745,12.698760503563014,0.2208366848081118,7951.656
55.33399481663756,19.011675570422852,12.685969678410476,0.23626614484923936,7951.758
55.36396013790405,19.00414685285374,12.672543590913387,0.26012696930753565,7951.861
55.39333987009607,18.995604227448624,12.658301404909713,0.2899832574673362,7951.963
55.42280277788989,18.985353827251604,12.642426449239608,0.32501618597809756,7952.067
55.45196716949633,18.97429083723298,12.625869670521974,0.3474362862351561,7952.171
55.480882760861455,18.963494500597626,12.609677899050386,0.35760318061406027,7952.274
55.509295085537204,18.952199238637128,12.593147108728866,0.3736971574253647,7952.376
55.537684629548,18.94000776071123,12.575793092545313,0.39815974450946134,7952.479
55.56593734360214,18.927543477455977,12.558248635667137,0.41101384375887884,7952.583
55.56593734360214,18.927543477455977,12.558248635667137,0.41101384375887884,7952.583
55.59417300125916,18.915022621224974,12.540703221980989,0.4285750469612224,7952.685
55.62194644681916,18.902227912273116,12.523024603744124,0.4356686757419803,7952.788
55.650183879529855,18.88900988462157,12.504895562952766,0.450562488384163,7952.891
55.677729196255775,18.875686291524588,12.486837894158956,0.4518304330190426,7952.994
55.70524236030444,18.86160899423091,12.468093020068661,0.4398278474232957,7953.097
55.732905578064965,18.847818016575406,12.449652310386073,0.41893377717815605,7953.199
55.760696148902824,18.835159821225744,12.432354808792358,0.41159853311648087,7953.302
55.78874012035276,18.822219618734874,12.414787162008189,0.394947947262982,7953.404
55.817050057761655,18.808981693665018,12.396933213131234,0.37200954214471915,7953.509
55.845850025997684,18.797079032565456,12.380367265249967,0.36791499075099354,7953.612
55.87455320736499,18.78644333375149,12.365123276338949,0.373737348980963,7953.715
55.90343261984059,18.774726860002353,12.348841293983115,0.3651386952364306,7953.818
55.93192651073221,18.762695315596915,12.332367411624547,0.34644978532627224,7953.921
55.96076003572127,18.750613060667067,12.315845340438788,0.3201333829580024,7954.025
55.989320037512066,18.739393481599652,12.300275342001038,0.2950978241914477,7954.127
56.01908366610806,18.730012455909844,12.286393572217419,0.2846976619542936,7954.231
56.04845727665397,18.72143047063405,12.2734244029395,0.2804116758488293,7954.333
56.078124118715564,18.71279852420693,12.260424678735456,0.2900435929669021,7954.437
56.10779467208971,18.704167081126133,12.247489053409613,0.3096846481418152,7954.54
56.13770281759028,18.695117149286883,12.234169301621456,0.3370200290321548,7954.643
56.16696000872878,18.68544582722213,12.220392717520824,0.3695895036612997,7954.746
56.19594949419653,18.674547234850806,12.205500850345526,0.40608149973324004,7954.848
56.22396652373254,18.661475065292006,12.188651243474855,0.4406921101579204,7954.951
56.251409423978814,18.64725023225235,12.170793148435958,0.4749085115058205,7955.054
56.27817573032733,18.632443298158496,12.152501431246787,0.5064969564000026,7955.156
56.30452781181685,18.616932584769568,12.13361645782582,0.5384246257835126,7955.259
56.33018904168527,18.600307676723205,12.11376461524524,0.5744082062726412,7955.361
56.35529535646264,18.58230020876819,12.092657723836318,0.6136904718919842,7955.464
56.3795301408145,18.563124150324995,12.070544308728207,0.6552332150900639,7955.566
56.40304181571839,18.54259354404872,12.047216084988618,0.698889727640085,7955.67
56.42515360751797,18.520940069920083,12.022982149254466,0.7434322791835988,7955.773
56.446426894696735,18.498000533388314,11.997604883381658,0.7894146294533746,7955.877
56.46639767908215,18.4743187703444,11.971675751377484,0.835581150967295,7955.98
56.48504342411106,18.44995804282728,11.945254539807538,0.8817769182457149,7956.082
56.48504342411106,18.44995804282728,11.945254539807538,0.8817769182457149,7956.082
56.50343353257919,18.425156307050084,11.91844595740485,0.9134582616441667,7956.185
56.52183520879469,18.400305962601493,11.891607478293356,0.9455914681556994,7956.287
56.53958394970611,18.375019451672554,11.864431028380734,0.9817446337096145,7956.39
56.55628887019448,18.349405637124285,11.83706698305749,1.0034820496818302,7956.493
56.57285180575367,18.323293892009275,11.809240062325703,1.008474526071148,7956.595
56.58920077319697,18.297105260242066,11.781376157814117,1.0201227486978839,7956.698
56.60501055784641,18.27092695857474,11.75359740912077,1.0403018127074062,7956.801
56.62028943887228,18.243752891773987,11.72490127011801,1.0667076609949007,7956.904
56.63493472942924,18.216936624469305,11.69664254021817,1.0740701555588283,7957.007
56.649752637063074,18.18976631851883,11.668024771144145,1.066755162255855,7957.109
56.66478848823847,18.163084713391385,11.63988150680052,1.0492030345085293,7957.212
56.680695027093364,18.136567934253375,11.611822500225417,1.0236267236047496,7957.315
56.697368340142305,18.110526601470035,11.58417060983081,0.9922674704264729,7957.418
56.714956962825056,18.084730800723264,11.556684820561491,0.9562418397918351,7957.521
56.73299243013373,18.059987737977703,11.530219665248419,0.9177905987397161,7957.623
56.75182839631898,18.035838917434226,11.504285722608985,0.8822275481776027,7957.726
56.7715044130437,18.011971728293304,11.478571791100602,0.8679587311990598,7957.828
56.79146750182689,17.988411920531473,11.453161539923522,0.8699465321710416,7957.931
56.81107657159652,17.9649735645597,11.427933159409275,0.8833797328975743,7958.034
56.83043718163385,17.940951489654832,11.402173284040895,0.8971791376294811,7958.137
56.84965670943726,17.916785683237908,11.37630879538019,0.9050640716907408,7958.239
56.86870296794609,17.892129358239288,11.349996807899934,0.9235868130322116,7958.343
56.88675432873483,17.867472804282045,11.323799033676112,0.9492816968268749,7958.446
56.90432775926905,17.84214657748354,11.296998683586333,0.969884825187211,7958.548
56.92155662647172,17.816872416570437,11.270300996895427,0.972518777732446,7958.651
56.93922814784902,17.791094884154433,11.243083411269314,0.9619590747763751,7958.754
56.95689303268309,17.766068024017333,11.216635385382316,0.9423805999282826,7958.856
56.97484132084817,17.74126453201734,11.190407607331418,0.9158586905903228,7958.959
56.99351833208038,17.71661008851192,11.164290873557889,0.8836756322145152,7959.061
57.013056854639935,17.6926194484734,11.138791030611367,0.8564696890280423,7959.164
57.03320078570756,17.66950523965069,11.11414473621929,0.8408342604871182,7959.266
57.05364926764818,17.646745889857705,11.0898587118901,0.8390273176603822,7959.369
57.074223965010205,17.623373170883387,11.064982833634788,0.8503716670695902,7959.472
57.09393020704799,17.60003920686877,11.040241539194524,0.8692596298283211,7959.574
57.1131799410662,17.576320335410262,11.015178469664862,0.8935213364065562,7959.676
57.1322333927325,17.5521065792732,10.989663395697121,0.9058713412665558,7959.779
57.15103017102296,17.527979163129952,10.964279427958886,0.9219058858436777,7959.882
57.15103017102296,17.527979163129952,10.964279427958886,0.9219058858436777,7959.882
57.16981720177,17.503076261565973,10.938149023740275,0.9279557117131345,7959.985
57.188096353863116,17.478578393638063,10.912482958003068,0.9329616305699018,7960.088
57.20634938503255,17.453702086697994,10.886466241001735,0.9466591888129221,7960.19
57.22421693606821,17.428550488102598,10.860224449518745,0.9639968443530109,7960.293
57.2417401873825,17.403182769704355,10.833812477064143,0.9693744782347369,7960.396
57.25915045438863,17.377955492667905,10.807570903899087,0.9616164169225492,7960.498
57.27680258295611,17.352918451987243,10.781528304144944,0.9479985732258864,7960.6
57.29480497855628,17.32812476517228,10.755732814960373,0.9333562791751908,7960.703
57.3132957049031,17.303319193013607,10.729923771732063,0.917411173351689,7960.805
57.331540819330286,17.278698593793646,10.704339898035158,0.894080080720967,7960.908
57.35026850865269,17.254054489240545,10.678733889928024,0.8676641052864258,7961.011
57.36972743709525,17.23000039256165,10.65370840580592,0.8391515752167393,7961.114
57.38958190044184,17.2062546134161,10.629002635018319,0.8058383597653647,7961.216
57.40967800347353,17.18307673385036,10.604885515150555,0.7700145611693312,7961.318
57.43076094259139,17.160378525088426,10.581236800950844,0.7379899536490453,7961.421
57.452962577793734,17.139382761134446,10.559278377153316,0.7260920047917181,7961.524
57.47603229016465,17.11882328828655,10.537762941400082,0.7300271835628545,7961.626
57.499171078671544,17.098362397547614,10.516390097404743,0.7454895416032539,7961.729
57.52226538887493,17.07781596849643,10.49498079644327,0.7694551326985017,7961.832
57.54542881062395,17.05728617141615,10.473633177958964,0.7997203648048634,7961.935
57.56824285710042,17.036723519863386,10.452312196121476,0.8343394632119341,7962.038
57.59040464596744,17.01514490342813,10.430042542952195,0.8640562168846846,7962.141
57.61097900318414,16.99211628037987,10.406413246987682,0.8745340172178389,7962.243
57.63057945546681,16.968607686182438,10.382368388012072,0.8703365844206918,7962.346
57.650534287562536,16.94499168049805,10.358241895182525,0.8560907032082659,7962.448
57.670711166162576,16.921960658699295,10.334731259152761,0.8351578588114452,7962.551
57.691649407664066,16.899209804358502,10.311521894049148,0.8107998753571595,7962.654
57.713355557752294,16.876751338056398,10.288630721707918,0.7890880657460011,7962.757
57.73513671353727,16.85521422328707,10.266703473799549,0.7693494058631596,7962.859
57.75751831838116,16.833918435221282,10.245053224395457,0.7563960456273087,7962.962
57.779827682509854,16.812855798032526,10.223684536389412,0.7564198598632101,7963.065
57.80243968588618,16.791220992349803,10.2017880273965,0.766988985275554,7963.168
57.824124603789954,16.76955234798976,10.179914566887978,0.7849285749509876,7963.271
57.84541261116088,16.746654098108774,10.156859455531853,0.809590030515956,7963.374
57.865734375807996,16.723279841670465,10.133376524884985,0.833924892821281,7963.477
57.886032120176985,16.699882967565173,10.109911378302364,0.8444374262877958,7963.58
57.90634741923899,16.676974347843984,10.086975009159525,0.840017524580023,7963.683
57.90634741923899,16.676974347843984,10.086975009159525,0.840017524580023,7963.683
57.927161570650874,16.65413189683698,10.064146528963036,0.825169572717348,7963.786
57.948579122659666,16.6314406919883,10.041514802031795,0.8029340591649827,7963.889
57.96991402008271,16.60947657597226,10.01965570996625,0.7922833027469034,7963.991
57.99201336022416,16.587005547395638,9.997341952034771,0.7936976369854101,7964.097
58.01375340395928,16.56464062082916,9.975180213085288,0.8073430119225375,7964.2
58.034703257729404,16.542348265012084,9.953129502351377,0.829770791341367,7964.302
58.05523560089374,16.519267805040027,9.930329930267744,0.8589079513736841,7964.405
58.074863025316276,16.49542040826715,9.906792280129416,0.8913431763143587,7964.508
58.09380532174675,16.471415006489984,9.883124350466703,0.9154318704423035,7964.611
58.112556667639,16.446851262491144,9.858932295866438,0.9212325816701261,7964.713
58.13146405888504,16.422022413976844,9.834516311355678,0.9130349973237855,7964.817
58.150283862883875,16.397890580358755,9.81083350032261,0.896549654358747,7964.919
58.16990393655016,16.373629027119755,9.787080616636123,0.8808209252220442,7965.023
58.189373613422134,16.35003089165058,9.764028503740152,0.8797006757100814,7965.125
58.208832394051555,16.326385415880047,9.740970268217445,0.8864590980953739,7965.227
58.228215128661496,16.302306917849414,9.717518537909493,0.9034958304863405,7965.33
58.246817227932375,16.278015968402055,9.693869157825748,0.9205366378599438,7965.433
58.26539168058051,16.253318135081653,9.669851117076405,0.9241144475605756,7965.536
58.28402103892251,16.228640033186647,9.645894122729368,0.9219369368118953,7965.638
58.30277310439914,16.20405302774391,9.622072870842914,0.9204822438403593,7965.742
58.3213892348535,16.17933858499726,9.598158969316492,0.9244358376685216,7965.845
58.34002837391205,16.15466019407837,9.574322379706919,0.9212982065361999,7965.947
58.35887825332533,16.13053924383198,9.551093170386649,0.9072904408515736,7966.05
58.37851388762865,16.10667109148279,9.528196782516888,0.8856549011917507,7966.152
58.39864539515789,16.08361854047419,9.506185739519522,0.8584668553671291,7966.254
58.41976652222002,16.061053148440593,9.484761971065103,0.827306188627889,7966.358
58.441683544189466,16.039258179431755,9.464204537768602,0.7938876434790045,7966.46
58.4643102910329,16.01819983273512,9.444480503697996,0.7623994041893525,7966.563
58.48721053252463,15.99790322546277,9.425593620485138,0.7371476336570248,7966.666
58.51057205149247,15.977648915645005,9.406840008868267,0.7223109788673576,7966.768
58.53410699672566,15.957139834466094,9.38790808550038,0.718755289477516,7966.872
58.55730933326195,15.936754687358704,9.369142573287586,0.7206708579509917,7966.975
58.58041070087469,15.916261695972954,9.350326610852672,0.724981943787987,7967.078
58.60360993912159,15.89542395824112,9.331238384601267,0.7305501755192108,7967.182
58.62619846464263,15.874832663426991,9.331238384601267,0.7305501755192108,7967.284
58.62619846464263,15.874832663426991,9.312414178321173,0.7373941324681912,7967.284
58.64881176940005,15.85384270930922,9.293256941106579,0.7456944925693976,7967.388
58.67143320321902,15.83241828767808,9.273730442889237,0.7550577083920582,7967.491
58.69340158508099,15.811173813859638,9.254391635808272,0.7649423183715083,7967.593
58.71557863750053,15.78928936755025,9.234494128490217,0.7750447546081736,7967.697
58.737132592579584,15.767637903873108,9.214835094580685,0.7842806844516312,7967.8
58.758721367787516,15.745632244541572,9.194886065494691,0.7933962182906273,7967.902
58.78007985334711,15.723406297699636,9.174756103028566,0.804639373378949,7968.005
58.80094068755964,15.701110575755022,9.15456777965974,0.8180875039111695,7968.108
58.82172976752731,15.678333757950469,9.133951043491393,0.8333564505918756,7968.21
58.84213941507995,15.655613024872206,9.113408989279378,0.8486021313816359,7968.312
58.8624596276737,15.632410482735215,9.092434584896832,0.8618789093914074,7968.415
58.88226747031722,15.609171609734732,9.071425497664743,0.8717286938710069,7968.518
58.902246853058486,15.585308252093325,9.049868748638444,0.8786862218241089,7968.621
58.92191275683305,15.561535029780105,9.028422244114028,0.882808548656747,7968.724
58.94133845459436,15.537901046163936,9.007141174638418,0.8834822556227824,7968.827
58.96115309341331,15.513795306314407,8.985490832157774,0.8820027687908594,7968.93
58.980627706730395,15.490176381525014,8.964339535552773,0.8798108131264688,7969.032
59.00034653429716,15.466373810355918,8.943090494120378,0.8771665205710875,7969.135
59.020304941786456,15.442396497979848,8.921754357815582,0.8754314970445267,7969.239
59.03990535893091,15.418901811071047,8.900909690007781,0.875977618776485,7969.341
59.05966517040626,15.395148944890057,8.87988614486378,0.8789308456917735,7969.445
59.07933157677701,15.371334653190086,8.85884725163296,0.8834389143678334,7969.547
59.098688237821705,15.347662229937661,8.837965119891138,0.8887380740921058,7969.65
59.11811727738516,15.323645551362445,8.816808491327775,0.8933624447718582,7969.753
59.137646911340546,15.299309491040324,8.795407253200334,0.8962260648304463,7969.856
59.1567476609833,15.275400813099562,8.77442687668875,0.8974687358907221,7969.959
59.176012571722275,15.251244280733173,8.75328168873206,0.8978487142954226,7970.061
59.19527240715305,15.2270791531836,8.732185377037512,0.8982445047878831,7970.164
59.214344336649056,15.203118143993825,8.711321272398585,0.8996513800490682,7970.267
59.2337462098621,15.178651651551952,8.690065662573002,0.9022362478243053,7970.37
59.25270109596917,15.1545932977042,8.669204380345207,0.906372909122636,7970.473
59.271891992304134,15.129997053736858,8.647907231032045,0.9118108667181084,7970.576
59.2905838206854,15.10577020173028,8.626955072017918,0.9170465865862334,7970.679
59.309354847316825,15.081191166486532,8.605726082936176,0.9214379990886994,7970.781
59.32802454924974,15.05653106080337,8.605726082936176,0.9214379990886994,7970.884
59.32802454924974,15.05653106080337,8.584459320529346,0.9254247956734618,7970.884
59.34640577111025,15.032040040499886,8.563369756391591,0.9299560955842718,7970.986
59.364651451464205,15.007481966944669,8.542248738422783,0.9353334937339759,7971.089
59.38308362172279,14.982365735738812,8.520667696782382,0.9419378502902602,7971.192
59.40115345196016,14.95739437883449,8.49922510045732,0.9488093485240698,7971.296
59.41921120606719,14.932055792715254,8.477476824698073,0.9562016707046492,7971.399
59.43674910619823,14.907065800593962,8.456036090550157,0.9633698887375601,7971.501
59.45443276772632,14.8814492452258,8.43406207945983,0.9713880766915586,7971.605
59.471739166821045,14.855928186999273,8.412169637959758,0.9794822897623359,7971.708
59.48867038626062,14.830503993034252,8.390357933227268,0.9876229116777941,7971.811
59.50556273378536,14.804669677009413,8.368190864208497,0.9957878958903459,7971.914
59.522272672435946,14.77867887854589,8.345890302791387,1.0038751252988525,7972.016
59.5388295047376,14.75255265384141,8.323481926588006,1.0114970109157957,7972.119
59.55524296505103,14.726323064579315,8.300998580005617,1.0185651387144374,7972.223
59.57165855182894,14.699972669068245,8.278451898507363,1.0257163496106063,7972.325
59.58783012606441,14.673979972347507,8.256261025745548,1.0317631717638367,7972.427
59.60394066322665,14.647261512501712,8.23340136586175,1.0367586372301165,7972.531
59.61960077278055,14.62060541202069,8.210563810474156,1.040486330232559,7972.634
59.635024173196975,14.594150332253816,8.18792592415398,1.0425406394031596,7972.737
59.65054157964576,14.56743514553955,8.165106030650515,1.0426759628130164,7972.839
59.66587994636157,14.540972146298127,8.142547049740848,1.0410015203090444,7972.942
59.681324198675064,14.514157856182464,8.11972087860846,1.0376624650811461,7973.044
59.69690397463219,14.487473128052235,8.097104891432709,1.034780170159908,7973.147
59.71249083302072,14.461158390468963,8.074906043476526,1.034474955789451,7973.25
59.72841939585052,14.43428699544632,8.05229703663083,1.0368360957549934,7973.353
59.744033901593724,14.407909809345092,8.030155299821375,1.0412122682079255,7973.455
59.75957492004644,14.381472129139418,8.00799383891004,1.046919092272995,7973.558
59.77520802299358,14.35438990922332,7.985283440898548,1.0530997771086419,7973.661
59.79032601623264,14.32770552586759,7.962896001604137,1.059209529427144,7973.764
59.80557641202071,14.3004063305365,7.939998470767275,1.0649943662276726,7973.868
59.820544947178234,14.27328220268207,7.9172600943280464,1.0692648265957656,7973.97
59.83538653495632,14.246156292654558,7.894545109538933,1.071802287280701,7974.073
59.850023910637326,14.21927917400708,7.872076821829339,1.072714154181862,7974.175
59.86478493713825,14.19214013611748,7.84944066794768,1.0724274087860293,7974.278
59.879411205627946,14.165279036412608,7.8270960755803465,1.07156799725329,7974.381
59.89420434352254,14.13816298892845,7.804603217607093,1.0709614945219958,7974.483
59.89420434352254,14.13816298892845,7.804603217607093,1.0709614945219958,7974.483
59.909014152173526,14.1110508142187,7.782175976592269,1.070597234969867,7974.586
59.923689951499796,14.084215443707548,7.760039454633976,1.0697991570023975,7974.689
59.93853153176963,14.057122402156896,7.737755303973952,1.0692913410666844,7974.791
59.95353111631853,14.02973749184036,7.715290880508469,1.0705736567126092,7974.895
59.96833226558756,14.002589489416536,7.693062761616296,1.0738391584365656,7974.998
59.98287622491267,13.975667595584692,7.671043063122381,1.0784716180579363,7975.101
59.99759586870302,13.948130756225185,7.648538732119551,1.0824464402006062,7975.204
60.012078045278834,13.92081816339557,7.626245934482686,1.0849347542764192,7975.307
60.026366680408486,13.8937321856116,7.604177257605326,1.0863250480561875,7975.409
60.040757401250396,13.86638786741873,7.581948793028205,1.086194715567863,7975.512
60.05515555025978,13.83907340622175,7.559812007160082,1.0844355153310636,7975.615
60.069611327813014,13.811776576281165,7.537770094991066,1.0821793863646345,7975.719
60.08455329687138,13.783724523092538,7.515208217679477,1.0798188809350973,7975.823
60.09899385607006,13.756744979621377,7.493592443203774,1.079086178672874,7975.926
60.11372153789827,13.729216664669103,7.471599775261371,1.0813060228436169,7976.03
60.128085246421996,13.702169868009188,7.450024321558472,1.0854306010204948,7976.132
60.14246790180804,13.67478985272646,7.428200333182932,1.090100021525783,7976.235
60.156595721832076,13.6476106269871,7.4065552113999304,1.0930975596438426,7976.338
60.170798954817755,13.620162482795877,7.3847407841180015,1.0927466581292689,7976.441
60.185174563686694,13.592480384823325,7.362822205858456,1.0891925389957242,7976.544
60.19940020477803,13.565379589139415,7.341476262320845,1.0838255879989767,7976.647
60.21390956636865,13.538103667420325,7.320119115371331,1.0790692432888447,7976.749
60.22837419019472,13.511163151991894,7.299134076193656,1.0768757316890119,7976.851
60.24302414345379,13.483945328165383,7.2780137291483324,1.078555179824816,7976.954
60.257582769648856,13.456686478952536,7.256895208047432,1.0845234190930504,7977.058
60.27206899546111,13.429065881661634,7.23548146794855,1.094192532966773,7977.161
60.28599649782911,13.401830716077903,7.214318891080336,1.1050085757727102,7977.263
60.29967419367567,13.374447440917121,7.193001447969155,1.1100205633644311,7977.365
60.31331373826562,13.347036993950725,7.171712895965297,1.1053058360894208,7977.468
60.32730158365658,13.319472018576423,7.150464362204153,1.0923084831394498,7977.571
60.3416932274357,13.292143810520862,7.1296468081707784,1.0741447181723442,7977.674
60.35657109693804,13.265064728374046,7.109303711359918,1.059063206929396,7977.776
60.37189994772639,13.23790566242204,7.089118495911762,1.0555174085506236,7977.88
60.386899057747456,13.211242344988367,7.069362003274221,1.0650124618852699,7977.982
60.386899057747456,13.211242344988367,7.069362003274221,1.0650124618852699,7977.982
60.401537189288156,13.184399193203284,7.049387085763277,1.084265635917249,7978.085
60.41571076564358,13.156967993059638,7.028773368300609,1.1107139944896978,7978.188
60.42911714786161,13.129153858921445,7.007601900457649,1.1401241640820916,7978.291
60.441935468653504,13.10080484836153,6.985791078387162,1.155097721301075,7978.395
60.45453034224765,13.072290898054321,6.9638157607461775,1.153706898073506,7978.498
60.46707094448411,13.0443543952022,6.942427707509155,1.1402368359337265,7978.601
60.480330102185334,13.016097822928833,6.9210786777821545,1.117736855885278,7978.704
60.49399588409648,12.988710362653448,6.900762931311014,1.0899019489515496,7978.807
60.50874565517975,12.961209112664502,6.880827314910239,1.0585691547882474,7978.91
60.52416372916171,12.934414512033664,6.861883670200772,1.0326624479403397,7979.013
60.53997423132227,12.908191474643486,6.84370571895642,1.0219985059281194,7979.115
60.555930279953536,12.882075091024596,6.825771458045398,1.0246316157143345,7979.218
60.57186448134278,12.855623726510709,6.807610682115144,1.0364678366490252,7979.32
60.58759100980812,12.82869299571,6.7890193629511995,1.052918657821872,7979.424
60.60255156473563,12.802009723892906,6.770443023798393,1.0725822724997656,7979.527
60.617223112683604,12.774480381293351,6.751063217631033,1.096445338946873,7979.63
60.63094267533829,12.74713431805645,6.731554950608779,1.1213114844330305,7979.733
60.644115090761055,12.719219163364492,6.711386807663665,1.1418780835437659,7979.836
60.65681821441475,12.691088403638528,6.690911000159333,1.1508325008271794,7979.938
60.66943511586572,12.662880590278686,6.6704093444447965,1.1458222653586523,7980.042
60.68245007522009,12.634498450276807,6.649995559020067,1.1297422063982863,7980.145
60.69572095700827,12.606921884814009,6.630504522151301,1.10628882916571,7980.248
60.70983050260683,12.579436810578189,6.611535687813887,1.0781893372576308,7980.35
60.72472030888082,12.552365996387373,6.593364747388282,1.049513498429675,7980.453
60.74054414430359,12.525472577337359,6.575850885564176,1.0193202928538443,7980.557
60.756868271880194,12.499593687724333,6.559569841950723,0.9875369151750073,7980.66
60.77435746062727,12.47376423435567,6.543945692602751,0.9537223934355179,7980.763
60.79234512176287,12.449013677876817,6.529621327343406,0.9221294608720649,7980.865
60.81123932025137,12.424553708915433,6.516072941242406,0.9002287032991187,7980.969
60.83071825028699,12.40019724594282,6.502998318800418,0.8921601239257808,7981.073
60.85026107202696,12.37590416495949,6.490132677979143,0.8978153497494743,7981.176
60.869387036070485,12.351647457692728,6.477233441524177,0.9138213039810239,7981.279
60.88804813827189,12.327024324400302,6.46391667741977,0.9376048312646152,7981.382
60.905890292346676,12.302166532211503,6.46391667741977,0.9376048312646152,7981.484
60.905890292346676,12.302166532211503,6.450132179691689,0.9667878147939506,7981.484
60.92296686960221,12.276776503929018,6.435634884217697,0.9990219625827379,7981.586
60.93920366574413,12.250842469281112,6.420374779603944,1.0323351002613914,7981.689
60.95491511800996,12.223893157756383,6.404081525784926,1.0605712090967203,7981.792
60.96982901602016,12.196852206548826,6.387436518147194,1.0776159195367612,7981.895
60.98443158357101,12.169603874786668,6.370565827427998,1.0810915758778514,7981.999
60.999204336283306,12.142078144839042,6.353641094499353,1.0731919830599486,7982.102
61.013962636962546,12.11525081114938,6.337426968239271,1.0580842192778523,7982.205
61.02932404784736,12.088404526560284,6.321600655939719,1.0388589574643943,7982.307
61.045166920157826,12.061849074294216,6.306378034110102,1.0229257872368516,7982.411
61.061356711019236,12.035497531249844,6.291620815253741,1.0160703636837956,7982.514
61.07775282542229,12.008939435719839,6.276907086373874,1.0222773639252778,7982.617
61.09356442030646,11.982758001846907,6.262341517733208,1.0379639890387167,7982.719
61.109174718857545,11.955780011692875,6.24710445051626,1.0615695462612829,7982.823
61.12379805922021,11.928955723675479,6.231608635401841,1.0890360237383478,7982.925
61.1376764105515,11.901719700098884,6.215485595160623,1.1159903429643299,7983.027
61.15086794379141,11.874120375579466,6.1988025595842995,1.137409311069145,7983.13
61.16369298610786,11.84602919506444,6.18161475241035,1.1490023077040548,7983.233
61.176284132880085,11.817836294096002,6.164323511511353,1.1514739145350548,7983.336
61.188897367535745,11.789638870786492,6.1471466822768015,1.1458660015235154,7983.439
61.201867381603876,11.761251493698886,6.130108715932413,1.1349229984267586,7983.543
61.2150431313056,11.733293101197269,6.113654719119633,1.1222683094584962,7983.646
61.22869507120901,11.70522282281764,6.097478290469059,1.1129249309887146,7983.749
61.242264102792326,11.677777845252688,6.081896698678995,1.1119367054089055,7983.852
61.25603015846357,11.64976475517581,6.066064391272735,1.1205358639913743,7983.955
61.269195688353555,11.622143969078232,6.0503445024381515,1.1375009557468108,7984.057
61.28181839418523,11.594266675363787,6.034222753720848,1.1608434674705768,7984.16
61.2938534856853,11.56580298149047,6.0173980858169935,1.1883258244666224,7984.262
61.3049749250202,11.537292580658528,6.000129883607091,1.2168627952525313,7984.364
61.315275864684914,11.508476770259103,5.982250199898365,1.245454669681949,7984.467
61.32486690898791,11.47910723160052,5.963613462338849,1.2703642345802795,7984.569
61.33374239434075,11.449844623858278,5.944754137123787,1.2833177990977356,7984.672
61.34257777912604,11.419914785124245,5.925425473441688,1.281401160936547,7984.775
61.35144153556194,11.390587322871463,5.906704536982119,1.267788660543193,7984.877
61.36088138813155,11.361156436238813,5.8883372945183625,1.2460866865699383,7984.98
61.370920016364764,11.332249968303167,5.870851907648982,1.2185348324032184,7985.083
61.370920016364764,11.332249968303167,5.870851907648982,1.2185348324032184,7985.083
61.38199388011286,11.30308309638822,5.853878524277859,1.1890314472962817,7985.186
61.393604921964744,11.27475073550912,5.838012736042142,1.1706839734624768,7985.288
61.4055634120903,11.246598625268906,5.822617480549507,1.1674957594206457,7985.39
61.41747014571051,11.218424189345262,5.80729345733164,1.1774981391026005,7985.492
61.42909872383269,11.189831039107272,5.791588850774506,1.197356207012962,7985.595
61.44017165831712,11.160674016733473,5.775220593572852,1.224649903001013,7985.699
61.4502106849181,11.13177466145866,5.758542243404682,1.2565282210034148,7985.801
61.45928300958804,11.102556649835307,5.741130324258736,1.2921203557686747,7985.904
61.46742316140131,11.072440334578442,5.722545840998583,1.3312951287156767,7986.007
61.47430330027432,11.04232399075852,5.7032838729130715,1.3694911554357956,7986.111
61.480321128525176,11.011727097045451,5.683208907082275,1.3882059193163356,7986.214
61.48572235629256,10.981627577920802,5.6632308051539795,1.4004905250115716,7986.317
61.490904438030164,10.95117736467184,5.642937586083171,1.4058074816732047,7986.419
61.495854423718505,10.92100928628771,5.622810096918798,1.4143259876986354,7986.522
61.50048869289903,10.890454062796973,5.602277590414707,1.4320327752438033,7986.625
61.5045121035312,10.859819168676811,5.581386296936652,1.4536979196675008,7986.728
61.50790975997928,10.829116235799805,5.560131392474074,1.4705731835669873,7986.83
61.510873128451216,10.798358071156413,5.538642879105801,1.479800940820593,7986.933
61.51365691901366,10.76755973422388,5.517096022633988,1.4795926067279115,7987.036
61.516519358064954,10.737080921884008,5.4959314090290095,1.4716501661212533,7987.138
61.51966397859928,10.706635571394267,5.475067348084938,1.4608672389094963,7987.241
61.523180885998194,10.675929324470554,5.454346391595524,1.4495711057259955,7987.344
61.527056317975905,10.644965314388307,5.433768499697212,1.4438577552902052,7987.447
61.530899009241345,10.614621727178763,5.413731585699863,1.4498364734199645,7987.549
61.5344399005215,10.584258615992596,5.393576409389543,1.46527191838508,7987.651
61.53749574895132,10.553516647904031,5.37291258321521,1.4824791911138382,7987.754
61.54002029505986,10.523028870674246,5.352173711689825,1.4978149914452878,7987.856
61.542103114185,10.492514520721654,5.331209301510843,1.5096879696254906,7987.959
61.5439134102314,10.46166224346309,5.309905385269803,1.5146166884872259,7988.062
61.54563265443483,10.430788745072766,5.28861824886903,1.5165058416199546,7988.164
61.547268840280594,10.40020904728379,5.267581760208323,1.5195343231421017,7988.266
61.548782915533835,10.369670395516328,5.2465845466478,1.5250055977202512,7988.368
61.55011336618627,10.338832424604975,5.2253392106596825,1.532771708637754,7988.472
61.5512033956251,10.307992415061646,5.204020538657368,1.5399757395185587,7988.575
61.55203777956678,10.27712860836809,5.182601331613127,1.5512289206264231,7988.678
61.55267200706147,10.245958010209883,5.160919329290766,1.5681875829578318,7988.781
61.55309201667261,10.215570304107398,5.160919329290766,1.5681875829578318,7988.884
61.55309201667261,10.215570304107398,5.139735350382267,1.5868943468484613,7988.884
61.55235691136571,10.184394904479047,5.117268665911391,1.607386451076215,7988.987
61.55099487994072,10.153541222138179,5.094670721217673,1.627768597846603,7989.09
61.5489435653212,10.122718682351092,5.071687249843492,1.6533997852959674,7989.194
61.54601194799262,10.091660918279182,5.047990894657883,1.6841889426678005,7989.297
61.542121310039754,10.061011416267094,5.023965113603142,1.718662385658592,7989.401
61.537146338335184,10.030512634053983,4.99933172981984,1.7561135851550234,7989.504
61.53102760026513,9.99991229352379,4.973865974411311,1.7966534981567597,7989.607
61.52389960321503,9.97014657542295,4.9482988201463,1.8383637758142903,7989.71
61.51544337925941,9.940418098686918,4.9218414640309565,1.881789276914435,7989.813
61.50518899130363,9.910961314359781,4.894299534628536,1.9231793860809079,7989.916
61.49440241401253,9.882335272091632,4.8669715644780105,1.9415039279469097,7990.018
61.48307132537102,9.85320527785894,4.8389407292955235,1.942785275956333,7990.122
61.47228361656412,9.824592480875102,4.811699604316018,1.9309042320222276,7990.225
61.461495093754564,9.795313094666493,4.784051571189765,1.9094983463363817,7990.328
61.45159874008105,9.766360072663357,4.757329602513756,1.881744156913571,7990.43
61.44255727352545,9.737128818046227,4.731107765430274,1.8515386779341492,7990.532
61.43430175020074,9.707355051916656,4.705167940273578,1.8223784584880964,7990.635
61.42697541742663,9.677638090967845,4.680024045619725,1.7996811114679647,7990.738
61.420064205049215,9.647070343113917,4.654699754690355,1.7950417504637333,7990.841
61.4131220490938,9.616947067147395,4.629716258925528,1.8044008498423993,7990.944
61.405855210452366,9.587225136938766,4.604819450743382,1.8235715023502952,7991.046
61.397930951057525,9.55766714893669,4.579597212225448,1.8500680364462787,7991.149
61.38897532867011,9.527762120986422,4.55342899549317,1.8826039338596117,7991.252
61.379104983731416,9.498470923918944,4.5270180586598165,1.9188352049410808,7991.355
61.368296033589715,9.469874400211793,4.500387540749976,1.9487015032840573,7991.458
61.35660817812976,9.441040353290305,4.472978764720517,1.9632732477055033,7991.561
61.34464497058389,9.412195763937024,4.445399307592214,1.961262233511711,7991.665
61.333086050907035,9.383783768130872,4.418455143484641,1.9475446694723744,7991.768
61.32191640705867,9.35493788990638,4.391589131942574,1.9262653239578607,7991.871
61.311413201470685,9.325871723989028,4.365158170932845,1.9015093758676773,7991.973
61.30153847514798,9.296560705645515,4.339124805966458,1.8891442549738522,7992.077
61.29199198189368,9.267154639387888,4.313354463615211,1.875825258118246,7992.18
61.28277909073321,9.23766379656365,4.2878622149645835,1.871331559618925,7992.282
61.27365170137288,9.208477842244585,4.2626962099678805,1.8798933186636362,7992.384
61.27365170137288,9.208477842244585,4.2626962099678805,1.8798933186636362,7992.384
61.263963566587044,9.178832174228464,4.236876636428513,1.898992260494546,7992.488
61.25382488969668,9.149965887439242,4.211245687181838,1.9251724977080555,7992.591
61.242768640706025,9.121109228399192,4.1849564798885375,1.9560533948476306,7992.693
61.23077193793836,9.092310333514762,4.1580143420884985,1.9812193104697093,7992.797
61.21847088543758,9.064321429619193,4.1313733959618,1.9906621892411152,7992.899
61.20580649774833,9.035802430525994,4.104179576939461,1.986308425429272,7993.004
61.19317771354666,9.007260451539734,4.077058251890397,1.9889436221731949,7993.107
61.1807461959788,8.979292725287534,4.050493847127994,1.988225828585135,7993.209
61.16819867068089,8.950677046152562,4.0235127306693474,1.9756124370597077,7993.313
61.15632788366425,8.922433307987818,3.9973603620973437,1.9565560974861942,7993.416
61.144865684771425,8.89367330543449,3.9713054146820777,1.9409432324244218,7993.518
61.13381767166533,8.865159460151173,3.945801686508972,1.9415298409671498,7993.621
61.122523058322145,8.83641864364044,3.920038408325465,1.948758429677911,7993.724
61.111151571358434,8.807694692075968,3.8942959736096734,1.9441757602241798,7993.826
61.09996819052528,8.778878893701625,3.868732074964046,1.937635437737783,7993.929
61.088887586689054,8.75003234791844,3.8433144592733797,1.9378088739093804,7994.032
61.077890598436724,8.721473862124089,3.8182079132208067,1.9409087847375743,7994.134
61.06665433996305,8.692714267729352,3.7928714602158844,1.948345799323633,7994.237
61.055276871573675,8.664324666594254,3.7677034678033867,1.9594617744754301,7994.339
61.04353919438521,8.63603856473479,3.7423711322008586,1.9709828598377899,7994.441
61.031523719364706,8.60788908441401,3.7169593335889086,1.9803042058868596,7994.544
61.019134309181005,8.579592958396011,3.6912323541908685,1.9880514473817368,7994.647
61.00654079295849,8.551390566063514,3.6654628405017236,1.9971356649896617,7994.75
60.99362160616017,8.523331304182888,3.639573071352098,2.0133161670888793,7994.853
60.980167691332966,8.495518100449944,3.613437267207939,2.0369496000024307,7994.955
60.96598898179808,8.46806329437373,3.5869472249456327,2.066698391580366,7995.059
60.95094747862659,8.441068812339022,3.5600305217483212,2.1010679470147444,7995.161
60.935274784695935,8.414799873132019,3.5330131757325343,2.1385018434161642,7995.263
60.91860764852748,8.388792041815586,3.505334904467352,2.178525825829224,7995.366
60.90099105818797,8.363794616969896,3.477409215687994,2.216452012012739,7995.469
60.88195515544606,8.339082171086408,3.448449780291829,2.2489583416574965,7995.572
60.862385619414525,8.315179675228128,3.419477410006672,2.266186234260673,7995.675
60.84243301306473,8.291573508469225,3.3903562911346303,2.2848094871214846,7995.779
60.821977603206975,8.268404347672272,3.3610496449568013,2.310739603592805,7995.881
60.821977603206975,8.268404347672272,3.3610496449568013,2.310739603592805,7995.881
60.800668712465296,8.245601299721068,3.331213182740468,2.3422577457626406,7995.985
60.77866924222241,8.223468986184761,3.3011337673745373,2.3713437154364625,7996.089
60.75647331251739,8.202400407653357,3.2714286471623484,2.401265459185028,7996.192
60.73320870770073,8.18161026506628,3.2409459488090224,2.4307982732345126,7996.295
60.70966608859515,8.161612471466093,3.2106223646043213,2.448717160844117,7996.398
60.68579421759563,8.14201486962016,3.1802175545014886,2.4633762607644356,7996.501
60.66174661687124,8.122627102140854,3.14977067064874,2.4625755164998075,7996.604
60.637275022932904,8.102832907818282,3.118764572341364,2.4605058400842417,7996.709
60.613241995980616,8.08345446336382,3.0883528818732158,2.4684489113968295,7996.813
60.588741506419325,8.064153007176659,3.0575779870318396,2.4856967597892767,7996.916
60.56433249679027,8.045706354817025,3.0273027590532737,2.5104565542118995,7997.019
60.539184704859174,8.027754205424234,2.996622993885035,2.541366642039781,7997.122
60.51346446571916,8.010632935495023,2.965843077722686,2.5766554990962653,7997.225
60.48713610714249,7.994463711789689,2.9349870242424645,2.61503401343571,7997.328
60.459936903220765,7.979188644062912,2.9037946379178528,2.655962187880931,7997.431
60.43267628514051,7.965290096562692,2.873207004257395,2.6970560672626425,7997.533
60.404877517796315,7.95252007041543,2.842687948243772,2.733112141644726,7997.636
60.376147049021725,7.940420111603289,2.8116749003434265,2.7546058324992924,7997.739
60.34778784624881,7.92894907475815,2.781293621341363,2.7577200562719395,7997.842
60.31914769189852,7.917296123539278,2.7505831383440102,2.747529078988331,7997.945
60.29069450767809,7.905253262741503,2.7198524746832886,2.7275148386511336,7998.047
60.262524515403555,7.892565626339251,2.6890609525437155,2.7002262211770014,7998.15
60.23500650153071,7.8791945757319395,2.65851046382307,2.6679836285757896,7998.253
60.20768086110973,7.864783473030592,2.627624448550801,2.631872603551116,7998.356
60.1806388643645,7.84923988000402,2.596437160370927,2.5962938013010493,7998.459
60.154408835979766,7.832915850567526,2.5655819680174043,2.566161496569687,7998.562
60.12885595695368,7.816050603811539,2.535058547808212,2.5491989665106964,7998.664
60.103549344859175,7.798834007135763,2.504583475378698,2.533169548076736,7998.766
60.07851325938675,7.781207388109557,2.4741513287636563,2.5216808125799277,7998.869
60.05337445282617,7.763243121478352,2.443471601456453,2.5235563421560334,7998.971
60.028125074863006,7.745456633963342,2.412785499320925,2.537547185143577,7999.074
60.00282599845834,7.728288317372723,2.38235617683217,2.5600245130860264,7999.176
59.97684119212879,7.711592830711004,2.3515533145949905,2.5890734619101687,7999.28
59.950446714624945,7.695592134971059,2.3207233277867507,2.606841784514475,7999.382
59.950446714624945,7.695592134971059,2.3207233277867507,2.606841784514475,7999.382
59.923860543229424,7.679897566478443,2.2898713922384277,2.608442031275809,7999.485
59.89730226202896,7.66409521780015,2.258993319504637,2.5973661749266466,7999.588
59.870743601965266,7.647757022299357,2.227861169568549,2.576673453719954,7999.692
59.84482583573091,7.630969247543898,2.1970816982861447,2.54902489820717,7999.795
59.819657604855806,7.613591209455513,2.166686671362111,2.5164562866586593,7999.898
59.79469415161988,7.594897103559695,2.1358581961106062,2.479404351710326,8000.001
59.77074699541237,7.575385467705691,2.1055554851159175,2.44085839232156,8000.104
59.74750215316296,7.555484036061526,2.075710381235347,2.42226313269396,8000.207
59.724295278277914,7.535129760774395,2.0457120084418072,2.420942717660484,8000.309
59.70123121214935,7.5150322076486535,2.0159845834146135,2.432509105980906,8000.412
59.677637023420345,7.495083652852163,1.9858794186018862,2.453575032777195,8000.515
59.6535913284445,7.475719271498257,1.955660847010613,2.481534287609183,8000.617
59.62923913162419,7.457275007780415,1.9256035757207208,2.5128994415203554,8000.719
59.604345518323825,7.439590271722662,1.8954182560242028,2.5396515182390877,8000.821
59.579085389497294,7.422412965480495,1.8651427244405123,2.549647520972327,8000.923
59.55342182044021,7.405125009833123,1.8344656065335383,2.5443832101123434,8001.026
59.527840531190925,7.387531470286731,1.8037362419328005,2.527766745289348,8001.129
59.5029320281139,7.369677049160673,1.7735074702912748,2.503473382725848,8001.231
59.47850118065241,7.351174513077587,1.7434398736598034,2.473376126953051,8001.333
59.454685051294064,7.331890500464286,1.7136083048265445,2.439135235000846,8001.436
59.43133753593219,7.311568013134579,1.6837839219493729,2.4055265133113437,8001.539
59.40860881113461,7.290569592771917,1.6542751050314812,2.383612263872058,8001.642
59.386222172332104,7.269249016833187,1.6249957319801729,2.3782885954589106,8001.744
59.36389122845063,7.247864420310182,1.5958023999467332,2.374968515628591,8001.847
59.341682591633536,7.22637974701768,1.5667463820289529,2.369641058694449,8001.95
59.319371301322406,7.204605345803793,1.5375523392983472,2.366278213145054,8002.054
59.2975490334408,7.183187518782196,1.5090274194465427,2.364346198000517,8002.157
59.27554610906041,7.161523573970971,1.48032272548069,2.363080466935954,8002.26
59.253563005700066,7.139824918372232,1.4517124340408596,2.361726972329728,8002.362
59.231615873535944,7.118097321107192,1.4232200454401902,2.3598887893765967,8002.465
59.20971947468635,7.09633136516626,1.3948627761289298,2.35753089989693,8002.568
59.187850134159746,7.074481681175316,1.3666102095208235,2.3546383553709562,8002.671
59.166022833994305,7.0525508162764305,1.3384866891953335,2.3522889319782063,8002.774
59.14404600836484,7.03041945312433,1.3102819717341512,2.354220436560169,8002.878
59.12199411610754,7.008411588651737,1.2821848521166392,2.363503955548787,8002.982
59.10015179121671,6.987013372553391,1.2546238098021931,2.3715072841241795,8003.084
59.10015179121671,6.987013372553391,1.2546238098021931,2.3715072841241795,8003.084
59.07775805732967,6.965246139422778,1.2265677908742205,2.366770041564331,8003.188
59.055776017160916,6.9434867767497845,1.1990644615024213,2.350794790842855,8003.291
59.03420395247616,6.921310736808294,1.172007393785332,2.3274951358712115,8003.394
59.01339855657636,6.8988155313251,1.1457990255897461,2.2987339311370336,8003.496
58.99297028514898,6.875549574083147,1.119983570314642,2.2780493488615803,8003.6
58.97295116098021,6.851929952641189,1.0947476744527922,2.2658734112281445,8003.703
58.9530649606367,6.827825161850072,1.0698342487119512,2.2521728564338614,8003.806
58.93363375462097,6.803814137423711,1.0457258478978504,2.24919953219877,8003.909
58.914443308565055,6.779991229256718,1.022253895720432,2.2474571932393816,8004.011
58.8951423509838,6.755862128829071,0.9990073560698138,2.2424589708886447,8004.114
