X,Y,dis_to_goal,angle_to_goal,t,trajectory_id
43.9200657355048,18.7901220866557,18.5623608319147,-9.77577601579682e-05,11153.3,5
43.9200660053834,18.7901226065001,18.5623609701828,-9.81584272885527e-05,11153.403,5
43.9200662752616,18.7901231263447,18.5623611084512,-9.85590943765047e-05,11153.506,5
43.9200665451398,18.7901236461893,18.5623612467197,-9.89597614822202e-05,11153.609,5
43.9200668150176,18.7901241660341,18.5623613849888,-9.93604286509964e-05,11153.712,5
43.9200670848953,18.790124685879,18.5623615232579,-9.97610958215489e-05,11153.814,5
43.9200673521528,18.790125200677,18.5623616601847,-0.000100157873032,11153.917,5
43.92006762203,18.7901257205222,18.5623617984544,-0.000100558540241,11154.02,5
43.9200678919071,18.7901262403673,18.5623619367243,-0.00010095920741,11154.123,5
43.9200681644041,18.7901267652596,18.5623620763367,-0.000101363764585,11154.227,5
43.920068436901,18.7901272901521,18.5623622159495,-0.000101768321786,11154.33,5
43.9200687041573,18.7901278049506,18.5623623528777,-0.000102165099007,11154.432,5
43.9200689766537,18.7901283298434,18.5623624924909,-0.000102569656356,11154.537,5
43.9200692465296,18.7901288496891,18.5623626307621,-0.00010297032354,11154.64,5
43.9200695164055,18.790129369535,18.5623627690334,-0.000103370990745,11154.742,5
43.9200697862813,18.7901298893809,18.5623629073048,-0.000103771657994,11154.845,5
43.9200700561566,18.790130409227,18.5623630455767,-0.000104172325556,11154.948,5
43.9200703234117,18.7901309240262,18.5623631825063,-0.000104569102831,11155.051,5
43.9200705959068,18.7901314489195,18.5623633221211,-0.000104973660135,11155.155,5
43.9200708657816,18.790131968766,18.5623634603936,-0.000105374327628,11155.258,5
43.9200711382764,18.7901324936595,18.5623634603936,-0.000105374327628,11155.361,5
43.9200711382764,18.7901324936595,18.5623636000088,-0.000105778884839,11155.361,5
43.9204181562832,18.7901329749209,18.5621023800593,0.001030056008374,11155.464,5
43.9405197190404,18.789892397562,18.5467990184886,0.022915973590232,11155.566,5
43.9717004790307,18.7888475163758,18.5226368064604,0.052024348363148,11155.671,5
44.0025375723035,18.7868598416339,18.4981323698976,0.085787523724382,11155.774,5
44.0332886488267,18.7837399545307,18.4729643534138,0.123200966604818,11155.877,5
44.0638780945143,18.7793293198375,18.4470821836144,0.163320626170369,11155.98,5
44.0942877440582,18.7738322129189,18.4206317082651,0.205475889320545,11156.082,5
44.1241464360706,18.7671227386669,18.3938053887352,0.248706259764537,11156.184,5
44.1539708763285,18.7590306361396,18.3661003992302,0.293468036548075,11156.287,5
44.183115751606,18.7497067878729,18.3380975113518,0.338616935503483,11156.39,5
44.2120938293587,18.7390052830154,18.3093135542114,0.384801294955705,11156.492,5
44.2405324296405,18.7270315042091,18.2800951143935,0.431346828858647,11156.596,5
44.2682819610831,18.7138428658549,18.250590042222,0.477840178853369,11156.698,5
44.2918173611627,18.701934756433,18.2250888044152,0.522974940973341,11156.801,5
44.2949422798348,18.7010721096741,18.2221805602171,0.556647744500826,11156.904,5
44.2949408564,18.701074815641,18.2221834222406,0.569537906687819,11157.006,5
44.294962764304,18.701060495885,18.2221575359334,0.566323135035795,11157.108,5
44.2949762038597,18.7010500216332,18.2221405327686,0.551368055651204,11157.212,5
44.294981120828,18.7010417371206,18.2221313527943,0.527866888061206,11157.315,5
44.294981188215,18.7010329127757,18.2221254374893,0.498034728466179,11157.418,5
44.2949787103999,18.7010222683843,18.2221202142221,0.463169765101695,11157.521,5
44.2949992941369,18.7010057325702,18.2220938444242,0.440643314804034,11157.623,5
44.3025965675703,18.6974835235991,18.2140765740984,0.431488667758137,11157.725,5
44.3254971028211,18.6869344019822,18.1899571436912,0.43455840798427,11157.828,5
44.3429883180242,18.6787919870196,18.1714803382746,0.438771556114468,11157.932,5
44.3492052301404,18.6758828781008,18.1649035156651,0.434401358993656,11158.034,5
44.3601815463417,18.6708405176211,18.153354724108,0.423829051209875,11158.139,5
44.3816498121469,18.6613591986127,18.1310223569195,0.404771556840166,11158.243,5
44.4100149749632,18.6493035051511,18.1018340702142,0.398056760313385,11158.346,5
44.43887734147,18.6373457543376,18.0723458744491,0.38291981595885,11158.45,5
44.4676814027394,18.6260286514215,18.0433343639167,0.359036055776155,11158.553,5
44.4967797696987,18.6154618366676,18.0146109958476,0.328893060022454,11158.656,5
44.5258697542602,18.6058986609681,17.986571742986,0.296536806499039,11158.758,5
44.555196596849,18.5970869242431,17.9588671787266,0.284001184370279,11158.861,5
44.555196596849,18.5970869242431,17.9588671787266,0.284001184370279,11158.861,5
44.5848650364504,18.588410350347,17.931008692545,0.2859618666831,11158.964,5
44.6144606663929,18.579604439828,17.9031276819174,0.295879375708074,11159.067,5
44.6442404442801,18.5703092201272,17.8747919036849,0.314205143226421,11159.17,5
44.6735409879677,18.5605260171909,17.8464937818456,0.335626659465122,11159.273,5
44.702352001511,18.550232849901,17.8182248126978,0.357417720575239,11159.376,5
44.7311772832189,18.5391322608054,17.7894106138052,0.385881783071018,11159.478,5
44.7593517136001,18.5273047598402,17.7605967039932,0.414218797451397,11159.581,5
44.7858192288484,18.5154696168268,17.7330467347189,0.428673592014866,11159.683,5
44.7915190710009,18.5128613188853,17.7270743190715,0.427411252333998,11159.786,5
44.791526643672,18.5128564003358,17.7270654069904,0.413817365301234,11159.888,5
44.7915336049943,18.5128489165306,17.7270552219851,0.391089172744707,11159.992,5
44.7947058674426,18.5117456074702,17.7239656542414,0.3623315154953,11160.094,5
44.820481407884,18.502607288345,17.6987488083107,0.337574374931448,11160.2,5
44.8502582305831,18.4922750814118,17.6697766595237,0.332388480817681,11160.304,5
44.879172510444,18.4822350188906,17.6416472815635,0.340198210627368,11160.407,5
44.9082419423603,18.4717766264078,17.6131294320246,0.356039675864272,11160.51,5
44.9371216626999,18.4607942893449,17.5844058590086,0.377097525254903,11160.613,5
44.9634138247248,18.4501399082744,17.5578191196308,0.401552337553632,11160.715,5
44.9811320546247,18.4425006462671,17.5395951469443,0.416719278285943,11160.819,5
44.9814542342474,18.4423578558079,17.5392611691396,0.414705568767834,11160.922,5
44.981460315923,18.4423535627215,17.5392537851105,0.400673952074698,11161.024,5
44.981459062009,18.4423495141127,17.5392519735021,0.378088317359596,11161.126,5
44.981453882736,18.4423437262732,17.5392518800532,0.349099986487736,11161.228,5
44.983391744881,18.441662328445,17.5373629981475,0.323506565007658,11161.331,5
44.9958759879211,18.4376000912865,17.5254165976848,0.309066188743155,11161.434,5
45.0252070445542,18.4282676091907,17.4974989496076,0.30872380458592,11161.536,5
45.0543217429032,18.4188696709823,17.4697058115779,0.32004019765554,11161.639,5
45.0836291700897,18.4089148746491,17.4414029676679,0.340920655830399,11161.742,5
45.0988572918676,18.4034700569193,17.4265157812416,0.368348022580865,11161.845,5
45.0988752491845,18.4035028312546,17.4265247977047,0.397891925211363,11161.948,5
45.0988546336097,18.4035089051476,17.4265440707785,0.409931997787469,11162.05,5
45.0988323914589,18.4035183352555,17.4265668148247,0.405963298758815,11162.153,5
45.0988372416702,18.4035144091201,17.4265605876462,0.390500691851567,11162.256,5
45.0988357147551,18.4035061329511,17.4265560997235,0.366445301945984,11162.358,5
45.0988357147551,18.4035061329511,17.4265560997235,0.366445301945984,11162.358,5
45.0988252373656,18.4035038245377,17.4265622373183,0.336222610732708,11162.462,5
45.099212533142,18.4035113848006,17.4262826431749,0.303084230258328,11162.565,5
45.1148029140009,18.3989755061651,17.4117480734925,0.282754411801058,11162.668,5
45.1435148199966,18.3907500023012,17.3850753368531,0.274959120719648,11162.771,5
45.173473484933,18.3822493963423,17.3573112403546,0.280990403594841,11162.874,5
45.2017982168245,18.3739223170055,17.3308746961925,0.296736050285528,11162.977,5
45.2246350493794,18.3667627212103,17.3092641126688,0.320030584172151,11163.08,5
45.2281586682685,18.365633926607,17.3059138428651,0.348298459849023,11163.183,5
45.2280749325207,18.3656523738852,17.3059877570669,0.373717393230522,11163.286,5
45.2280461518856,18.3656625239889,17.3060157541989,0.379868631263154,11163.389,5
45.2280958080269,18.3656419273526,17.3059653511617,0.371658546772078,11163.491,5
45.2281358847881,18.365622783759,17.3059229566667,0.349825105950966,11163.609,5
45.2281511025947,18.3656379747489,17.3059221415378,0.322884445961521,11163.712,5
45.2281492586677,18.3656293651248,17.3059176344458,0.290802992092476,11163.815,5
45.2281639495528,18.365618122326,17.3058992188582,0.264832768107192,11163.917,5
45.2322528375005,18.3645490187017,17.3021755195719,0.252202359807088,11164.021,5
45.240135965284,18.3625236570962,17.2950214777282,0.253541189512386,11164.124,5
45.2523114126846,18.3593173231257,17.2839205802932,0.264408004546414,11164.227,5
45.2615941199235,18.3567545774181,17.27537798696,0.282701147025813,11164.33,5
45.2637249877676,18.3561604329122,17.2734131837932,0.307625284111477,11164.433,5
45.2637543673631,18.3561433852419,17.2733800619062,0.337837406133858,11164.536,5
45.2637459315999,18.356139590359,17.2733836529598,0.363774007374757,11164.638,5
45.2637104860604,18.3561510709002,17.273417423707,0.374044395269694,11164.74,5
45.263736005955,18.3561410096055,17.2733918865114,0.368882694885767,11164.842,5
45.2637463843921,18.3561349419126,17.2733801550701,0.352671403134325,11164.945,5
45.2637504064704,18.3561283261405,17.2733727039351,0.328219179080517,11165.048,5
45.2637495261359,18.3561202239316,17.273367829457,0.297635796675715,11165.15,5
45.2637560464379,18.3561088234174,17.273355290085,0.265347622336565,11165.253,5
45.2639363623382,18.3560585304711,17.2731890185416,0.247376519844411,11165.356,5
45.2684782882914,18.3549176998307,17.2690868221626,0.244738566417259,11165.459,5
45.2684782882914,18.3549176998307,17.2690868221626,0.244738566417259,11165.459,5
45.2706938305217,18.3543576115266,17.2670834380823,0.252730838872765,11165.562,5
45.2730873840336,18.3537213029807,17.2648978959557,0.267812780171957,11165.665,5
45.2780272920902,18.3523396163601,17.2603408930406,0.288927984406981,11165.768,5
45.2781749317883,18.3523020222132,17.260207224007,0.316618822228527,11165.871,5
45.278170453338,18.3522947831889,17.2602055683748,0.346578020189042,11165.974,5
45.2781522640628,18.3522958259844,17.2602195907779,0.368508206822954,11166.076,5
45.2781360170763,18.3523016930908,17.260235479343,0.372323166947705,11166.18,5
45.2781614988679,18.3522911621665,17.2602096540645,0.362337049628402,11166.283,5
45.2781698491187,18.3522848487911,17.2601992405886,0.342811246603264,11166.386,5
45.2781726122442,18.3522773005565,17.2601920745177,0.315467068436118,11166.489,5
45.2781861209181,18.3522694303691,17.2601768249448,0.300598327983752,11166.592,5
45.2781904038493,18.3522682850432,17.2601729099895,0.297508512173904,11166.695,5
45.278194304465,18.3522673177166,17.2601693961321,0.294675591968157,11166.797,5
45.2816796821103,18.3513551325094,17.2569970911578,0.28163040760757,11166.901,5
45.3074161432329,18.3462001670738,17.2346558490488,0.231560358383284,11167.004,5
45.3523527710396,18.3380607294949,17.196262234303,0.182079464101056,11167.106,5
45.4008909420307,18.3301195684555,17.1554136326059,0.13491422380342,11167.208,5
45.4497332779607,18.3244142347103,17.1159201977613,0.087732607772675,11167.311,5
45.498956753639,18.3207831788798,17.0776247895581,0.039889587011659,11167.414,5
45.548085570395,18.3190004845852,17.0407271186495,-0.008576983599395,11167.516,5
45.597380725552,18.3188319565451,17.0048843707443,-0.059559236709057,11167.62,5
45.6447522017375,18.3208130636122,16.9719851133036,-0.109157235266434,11167.723,5
45.6934919973533,18.3267127552219,16.9408823287726,-0.157292351267932,11167.826,5
45.7384104420181,18.3341852757596,16.9137068722189,-0.199639049670376,11167.929,5
45.7567433026549,18.3376290784185,16.9029120957209,-0.22210958085645,11168.032,5
45.7680120865608,18.3401983906928,16.8965982585473,-0.222436686043405,11168.135,5
45.7979502216449,18.3468120457218,16.8797031760568,-0.207602888112232,11168.238,5
45.8282314800247,18.3529253666361,16.862252036763,-0.184135572364013,11168.341,5
45.8583693057019,18.3582027907827,16.8443580856242,-0.154662264910019,11168.444,5
45.8889576550786,18.3625713570154,16.8255429456054,-0.120234697398581,11168.547,5
45.9196825269725,18.365843572431,16.8058979214547,-0.082523892396623,11168.649,5
45.9504801905859,18.3681335465803,16.7855456840953,-0.060811555123078,11168.752,5
45.9810428739372,18.3699409612672,16.7650537477929,-0.056279420689775,11168.854,5
46.0119094878695,18.3717861777996,16.7444033448266,-0.0658727339512,11168.957,5
46.042438620397,18.3740091151301,16.7242902367818,-0.085161535003518,11169.06,5
46.042438620397,18.3740091151301,16.7242902367818,-0.085161535003518,11169.06,5
46.0732013876755,18.3769267710807,16.7045336389719,-0.111883043180671,11169.163,5
46.1041596214064,18.3807715475207,16.6853277082188,-0.144406719593665,11169.266,5
46.1343644107213,18.3856283647003,16.6674065783976,-0.179929389253664,11169.368,5
46.1649525366339,18.3917416315651,16.6501425055445,-0.215025403133549,11169.472,5
46.194817182084,18.3984572142085,16.633856144532,-0.230063783865178,11169.575,5
46.2248774539413,18.4055070934074,16.6177103353853,-0.228797018839495,11169.677,5
46.2546972844569,18.4123204867777,16.6016066416185,-0.215437236186956,11169.779,5
46.2849292350833,18.4186945399633,16.5849415075567,-0.193156906844713,11169.882,5
46.3150196241053,18.4242645438852,16.5678419600153,-0.164590633083373,11169.984,5
46.3455657351548,18.4289555098452,16.5498340604979,-0.130936049132545,11170.087,5
46.3762455196155,18.4325918392574,16.5310155128182,-0.100968749262467,11170.19,5
46.4069992947116,18.4355360203793,16.5116852209569,-0.0899856771424,11170.293,5
46.4377846348165,18.4383253210018,16.492256919459,-0.094314406057165,11170.396,5
46.4682412028281,18.4413478599656,16.4732598616841,-0.109752420291645,11170.498,5
46.4992251985436,18.4450111430495,16.4543936616146,-0.133879215388909,11170.602,5
46.5300974544093,18.4494930689952,16.436233078193,-0.164156020920938,11170.706,5
46.5605249893816,18.4548735777118,16.4190684276464,-0.192949102025868,11170.809,5
46.5905184285237,18.4609826368295,16.402770857721,-0.211679053818213,11170.912,5
46.6213114965626,18.4677061085138,16.386408713561,-0.216442556295933,11171.016,5
46.6515052540064,18.4742796766488,16.3703942340547,-0.207549515658329,11171.119,5
46.6814805012637,18.4804002166808,16.3542431022149,-0.188753013536697,11171.222,5
46.711881491613,18.4859182659218,16.3374027775951,-0.162476238749758,11171.325,5
46.7424219385932,18.4905958325827,16.3198952486865,-0.134232608433239,11171.427,5
46.7727636150235,18.4944480469074,16.3019605445592,-0.115161619367891,11171.529,5
46.8031757782358,18.4978761146952,16.2837052864542,-0.110162050811262,11171.631,5
46.8336008799014,18.5013106770858,16.2654830704095,-0.118383934063148,11171.734,5
46.8642743748907,18.5051398250032,16.2474186144929,-0.135811177067414,11171.836,5
46.8948595593395,18.5095845288912,16.2299049371478,-0.160420492393428,11171.94,5
46.9253249206826,18.5147984239479,16.2130781793578,-0.185862940630887,11172.042,5
46.9553841084632,18.5206338562606,16.1970254535597,-0.201571695589664,11172.145,5
46.9856387271894,18.5268563409391,16.1811683299786,-0.204242075097678,11172.247,5
47.0158982746121,18.5330095404404,16.1653001607193,-0.193934347702831,11172.351,5
47.0462527481609,18.5387398950525,16.1490987188592,-0.173929185998908,11172.453,5
47.0764284149198,18.5437439411943,16.1325220440171,-0.148518861754738,11172.556,5
47.1069914859492,18.5481422968261,16.1152772283258,-0.133526825426435,11172.658,5
47.1376487875738,18.5522190322343,16.0977711133873,-0.130283468425556,11172.761,5
47.1376487875738,18.5522190322343,16.0977711133873,-0.130283468425556,11172.761,5
47.1680060710911,18.5562851480966,16.0804979342765,-0.138657489137799,11172.864,5
47.1985988086356,18.5607259209602,16.0633867710739,-0.153953852067691,11172.966,5
47.2294140917624,18.5656965223932,16.0465641973509,-0.169838885251134,11173.07,5
47.2595610418203,18.5710067725092,16.0304826279443,-0.180688318582595,11173.173,5
47.2902328850909,18.5766257555658,16.0143264166464,-0.180348939868026,11173.276,5
47.3206360580177,18.5820626241406,15.998255988609,-0.16923509724179,11173.38,5
47.3511222702466,18.5870674214001,15.981849881209,-0.15026766760864,11173.482,5
47.3816955844614,18.5914432838679,15.9649564597636,-0.131956195518546,11173.586,5
47.4126282801084,18.5954809267895,15.9476137810359,-0.129428207360845,11173.689,5
47.4429812656421,18.5995119260081,15.9306891842861,-0.139217769789467,11173.791,5
47.4735605486525,18.6039813363801,15.9139880599595,-0.157161811070246,11173.894,5
47.503751130462,18.6089929817372,15.8979938303488,-0.177305796944902,11173.996,5
47.5338349332491,18.6145770706816,15.8825456152729,-0.190350711386465,11174.099,5
47.5641539052651,18.6204375635548,15.8671975908329,-0.188328928589494,11174.201,5
47.5948176278321,18.6261509096059,15.8515587905383,-0.174477920795173,11174.305,5
47.6249845230351,18.6312513401474,15.8358225930328,-0.154520280985063,11174.408,5
47.655546094535,18.6357664664286,15.8194283924244,-0.133615433882516,11174.51,5
47.6861744713498,18.6396961872806,15.8025879730519,-0.121540315950575,11174.613,5
47.7165583846395,18.6433954513402,15.785771880784,-0.123903748301855,11174.715,5
47.7469227857854,18.6472949908822,15.7691629758602,-0.137039089215883,11174.817,5
47.7775112781677,18.6517247548788,15.7528578918403,-0.157179527131792,11174.92,5
47.8080284463897,18.6567405060849,15.7370917170594,-0.169583868346544,11175.023,5
47.8381745740793,18.6619220725989,15.7217355892129,-0.168147186795268,11175.126,5
47.8689377012469,18.6670221670116,15.7059669078325,-0.155691199319389,11175.229,5
47.8994784446211,18.6716250248943,15.6900033477644,-0.138584273416461,11175.333,5
47.9303534906739,18.6758074645091,15.6735473496043,-0.129848464011163,11175.436,5
47.9609672033238,18.679815828594,15.6571676991294,-0.132143557852589,11175.539,5
47.9918902913222,18.684055532166,15.640814537884,-0.144505194086578,11175.643,5
48.0224533662856,18.6886986193514,15.6250467748348,-0.162028765229453,11175.747,5
48.053232109464,18.6937855067292,15.6095322428576,-0.165912780545145,11175.85,5
48.0837006625747,18.6987814659203,15.5941895351474,-0.156656853428476,11175.953,5
48.1139324879764,18.7033976126007,15.5787464329157,-0.142584341045965,11176.055,5
48.1442291035193,18.7075500410239,15.5629463855424,-0.125793230412754,11176.157,5
48.1749080174831,18.7114031210342,15.5467176449141,-0.123499978518066,11176.26,5
48.1749080174831,18.7114031210342,15.5467176449141,-0.123499978518066,11176.26,5
48.2052885153008,18.7152421081747,15.5307089723266,-0.130114672991931,11176.363,5
48.2359219964007,18.7193982146155,15.5148343938452,-0.14376371173001,11176.466,5
48.2664871931186,18.7240205043709,15.4994126616779,-0.159609339315649,11176.569,5
48.2972748805549,18.7290088325197,15.4841861154534,-0.16097378130798,11176.672,5
48.3274765038627,18.7338182794509,15.4692300699921,-0.151181821950191,11176.774,5
48.3580430256129,18.7382838783172,15.4538242266671,-0.134294996564242,11176.878,5
48.3886901105178,18.7422200478984,15.4379983839906,-0.119742797994867,11176.981,5
48.4193842288746,18.745879981968,15.4219715293196,-0.11853279627725,11177.083,5
48.449743783092,18.7495511419986,15.4062043237271,-0.125948385703895,11177.185,5
48.4800848060095,18.7535359884839,15.39074099285,-0.135812139509493,11177.288,5
48.5109812950537,18.7577639358199,15.3751758303367,-0.133403995729761,11177.392,5
48.541910765431,18.7617887726778,15.3594771341192,-0.120420939058091,11177.495,5
48.5723065631596,18.7652680193721,15.3437176089747,-0.101923671129768,11177.598,5
48.603066573791,18.7682075181561,15.3273529402556,-0.088494094491249,11177.7,5
48.6338697247003,18.7709252313045,15.3108305579731,-0.090426353730182,11177.804,5
48.66494361162,18.7738586487597,15.2943610261195,-0.103262697523421,11177.907,5
48.6956625082908,18.7772475364321,15.2785149123005,-0.123154225567065,11178.01,5
48.7263074221824,18.7812728857533,15.2632678001392,-0.142999606665939,11178.113,5
48.7565973613437,18.7857960298391,15.2486793089369,-0.154255463547946,11178.216,5
48.7874234709874,18.7906128810077,15.2340525534049,-0.153029236603787,11178.319,5
48.8179453384291,18.7952668164338,15.2195268004407,-0.148595951714198,11178.422,5
48.8485384665508,18.7998042811788,15.204913867131,-0.144623194086224,11178.525,5
48.8788271114528,18.8041981828197,15.1904154318447,-0.143786752188959,11178.628,5
48.909417269896,18.8086207998319,15.1758091623323,-0.142783864803739,11178.731,5
48.9399811489677,18.8130373389028,15.1612624796251,-0.145527155938071,11178.833,5
48.9705365446122,18.8175434934179,15.1468421380049,-0.148136584937614,11178.937,5
49.0014041552792,18.8222012962037,15.1324098700579,-0.153077161354675,11179.04,5
49.031650953058,18.8268381332163,15.1183758816174,-0.149520583477763,11179.143,5
49.0622036442178,18.8313253281899,15.1040903779068,-0.138955098191383,11179.246,5
49.0928169731978,18.8354154853304,15.0894969079986,-0.12219565595297,11179.348,5
49.1231902663175,18.8389755887293,15.0746617961805,-0.107087100844764,11179.451,5
49.1539059677154,18.842251031289,15.0594434836063,-0.104293305151476,11179.553,5
49.1843094364629,18.8452870739951,15.0442592731125,-0.091120143905932,11179.656,5
49.2150798139067,18.8478396862889,15.0285152565812,-0.068810390728907,11179.758,5
49.2459255434658,18.8496359198444,15.0121570427273,-0.039979910885773,11179.861,5
49.2459255434658,18.8496359198444,15.0121570427273,-0.039979910885773,11179.861,5
49.2765142316092,18.8504830962626,14.9952166462091,-0.006550215864225,11179.964,5
49.3074135665559,18.8502598639454,14.9772649464562,0.030852942421256,11180.067,5
49.3385817783213,18.8486740215874,14.9580847403158,0.071411105467692,11180.17,5
49.3693447435651,18.8457101873243,14.9380462044055,0.113578786575635,11180.273,5
49.3996886843801,18.8417469068646,14.9174629531511,0.156800021474546,11180.376,5
49.4301286684529,18.8364381151286,14.8957532306114,0.201531875764852,11180.478,5
49.4584842289346,18.8305575472181,14.8747896756668,0.246660628115252,11180.581,5
49.4652734754199,18.8300668556803,14.8705293351135,0.288587665498895,11180.684,5
49.4652639823392,18.8300823719983,14.8705474976977,0.313902055059718,11180.787,5
49.4652417646666,18.8300887501329,14.8705653646511,0.319952103969006,11180.889,5
49.4652296558607,18.8300923171463,14.8705751770911,0.311844475537747,11180.993,5
49.4652397475494,18.8300864587207,14.8705646240595,0.2936522280327,11181.095,5
49.4652435695297,18.8300795949581,14.8705568039962,0.268049931972242,11181.197,5
49.4654177533265,18.8300265662323,14.8704142397885,0.236510318045356,11181.3,5
49.4704654503077,18.8292666834688,14.8669227604276,0.200425186983434,11181.404,5
49.4978012234902,18.8245696239975,14.8475513853281,0.163850053499686,11181.506,5
49.5283448076166,18.8198835417336,14.8264019643464,0.137343860256385,11181.609,5
49.5529636825975,18.8165807059981,14.8097714962342,0.124049150723296,11181.711,5
49.5648927104019,18.8151233580816,14.8018396422612,0.121285210020615,11181.816,5
49.5950137534037,18.8113773570639,14.7817813806334,0.130124335024661,11181.919,5
49.6251695075338,18.8072537104539,14.7614262357842,0.148157907016704,11182.022,5
49.6551045611568,18.8025131663903,14.7407183185044,0.173513160315431,11182.124,5
49.6762782228444,18.7986842282013,14.7256967538904,0.188508538350961,11182.227,5
49.6769368367739,18.7985587985028,14.7252245139479,0.186679553114995,11182.331,5
49.6769509835319,18.7985549334304,14.7252133998171,0.17333554911007,11182.434,5
49.6850858942994,18.7972198279177,14.7195593674967,0.151425232291466,11182.537,5
49.7086730673626,18.7936609751073,14.7034385315599,0.14168029607334,11182.64,5
49.7258281029624,18.7911651608244,14.6918038688915,0.147519565768447,11182.743,5
49.7345561939799,18.7898082036952,14.6858163420472,0.160980389655805,11182.846,5
49.73688600473,18.7894316215088,14.6842066271061,0.160294000834331,11182.949,5
49.7369440079898,18.7894212334253,14.6841657127356,0.147248544054954,11183.052,5
49.7370151505768,18.7894101689739,14.6841169233892,0.136810858307233,11183.154,5
49.7372321952674,18.7893812679425,14.6839721094362,0.1252416630848,11183.257,5
49.7550381327365,18.787127858788,14.6721958499792,0.125950159964287,11183.36,5
49.7550381327365,18.787127858788,14.6721958499792,0.125950159964287,11183.36,5
49.7650080716808,18.7858762729088,14.6656159630779,0.117826922311516,11183.462,5
49.7842429643327,18.7836001446545,14.6530478703379,0.117729535550946,11183.566,5
49.8060599059868,18.7810219318021,14.6388135034583,0.118834012258059,11183.669,5
49.8322864841061,18.7778561971575,14.6216720770042,0.123269896937658,11183.771,5
49.8608566160896,18.7742307623967,14.6028828827079,0.132705603251517,11183.874,5
49.8902269254872,18.7701385866244,14.5832964776849,0.149290961894072,11183.977,5
49.8973206886045,18.7690622469326,14.5784974178385,0.162860140426074,11184.08,5
49.8973396119705,18.7690591059171,14.5784843930815,0.161975901291258,11184.182,5
49.8975300086456,18.7690290207482,14.5783546139673,0.154047195557714,11184.284,5
49.8995369135027,18.7687220359264,14.5769952078094,0.147682207421514,11184.387,5
49.9055994534654,18.7678504020404,14.5729361668759,0.133693888780842,11184.49,5
49.9160178077128,18.7665200693991,14.5661042249149,0.123287317990502,11184.594,5
49.9414960920965,18.7633497820117,14.5494845078951,0.12796141479784,11184.697,5
49.945383130951,18.7628485791378,14.5469365985199,0.132862244079299,11184.8,5
49.945385047784,18.7628484946381,14.5469354783224,0.127521863788199,11184.903,5
49.9453876270776,18.7628483818029,14.5469339717093,0.127338820029834,11185.006,5
49.9453953482401,18.7628473792351,14.5469289053389,0.126732987460509,11185.108,5
49.9454011794741,18.7628469184672,14.5469253271047,0.12679398521869,11185.211,5
49.9454130941951,18.7628455580612,14.5469176652832,0.131006326146482,11185.313,5
49.9454367407101,18.7628427458732,14.5469023653487,0.132903511263233,11185.416,5
49.9457118206285,18.7628063358303,14.5467212901638,0.130101862725414,11185.519,5
49.9458793465273,18.7627847228235,14.5466114848536,0.131767494417201,11185.622,5
49.9459790244089,18.7627710360588,14.5465454591792,0.140986047185031,11185.725,5
49.9459932153351,18.7627686654149,14.5465357060674,0.150113267404219,11185.828,5
49.9461115904953,18.7627506665593,14.5464558360194,0.153113912537142,11185.931,5
49.9461486780949,18.7627445472152,14.5464304105567,0.144782822205757,11186.033,5
49.9579844154289,18.7611190491534,14.5385931494738,0.13002959850907,11186.137,5
49.9880255863317,18.7572670520042,14.5189554075216,0.125021168489872,11186.239,5
50.0048899010435,18.755122836768,14.5079626174828,0.133444349885727,11186.343,5
50.0048923704269,18.7551226094976,14.5079610813941,0.130445882016936,11186.446,5
50.0048827297594,18.7551242210571,14.5079676857238,0.13503672146497,11186.549,5
50.0048715272356,18.7551252985386,14.5079746932525,0.146491093901193,11186.652,5
50.0048486936035,18.7551286707325,14.5079899625173,0.152131079880312,11186.756,5
50.0050246987902,18.7551022421318,14.5078719002567,0.143983294727068,11186.858,5
50.0070598208079,18.7548198008122,14.5065262644826,0.127428299482688,11186.961,5
50.0070598208079,18.7548198008122,14.5065262644826,0.127428299482688,11186.961,5
50.0247609419802,18.7527280458692,14.4951353398267,0.105838550280506,11187.065,5
50.0323344189999,18.7519243508411,14.4903422637857,0.099329029295106,11187.168,5
50.0323492312818,18.7519202989856,14.4903308103288,0.085135361401637,11187.27,5
50.0331976066035,18.7518753944416,14.4898319194717,0.062816173314077,11187.372,5
50.0401442321413,18.751524614698,14.4857623465527,0.038188090533636,11187.475,5
50.0665660548007,18.7506130209962,14.4706587652092,0.032121192505696,11187.577,5
50.09714195501,18.7495697981558,14.4532310750014,0.039538129324293,11187.679,5
50.1277002573131,18.7481961741453,14.435578391392,0.056147807714463,11187.781,5
50.1585311709879,18.7461973533919,14.4172952769151,0.080911211194682,11187.884,5
50.1889928442612,18.7433971149504,14.3985767676064,0.110554154101768,11187.987,5
50.2172982013751,18.7399644068784,14.3805179340307,0.142249139809467,11188.09,5
50.2222441946858,18.7393330225091,14.3773391910315,0.166850076535559,11188.193,5
50.2222258506811,18.7393373085757,14.3773526216924,0.173177580990633,11188.295,5
50.2222164557765,18.7393385181813,14.3773586674394,0.165168701790372,11188.399,5
50.2222236746645,18.7393346491313,14.3773515379215,0.146720994398628,11188.502,5
50.222685634893,18.7401917344854,14.3778288114979,0.121278845806266,11188.604,5
50.2282645497645,18.7412888776135,14.3757740979267,0.095203873132368,11188.707,5
50.2562994400168,18.7399011411816,14.3596389231197,0.067532483251658,11188.809,5
50.2809303336351,18.7386734978517,14.3454861099808,0.0463184036079,11188.911,5
50.2897148827495,18.7383585606758,14.3405495357372,0.026920621247443,11189.015,5
50.3187293164654,18.7377728546385,14.3246562233997,0.013883489024901,11189.117,5
50.3493173562886,18.7373682155712,14.3081262436277,0.015808096805842,11189.219,5
50.3804973932673,18.7367429040384,14.2911431551714,0.029906429097036,11189.323,5
50.4113660320429,18.735622900808,14.2739506456353,0.047195348585563,11189.425,5
50.4416163038972,18.7339627694807,14.2566681513861,0.06943326763063,11189.528,5
50.4724128685957,18.7315007104587,14.2384599532147,0.098336094468494,11189.631,5
50.5030366832367,18.7280972897606,14.2195819696491,0.132131691288668,11189.733,5
50.5219503624943,18.7254832952109,14.2075061940719,0.151189993954658,11189.835,5
50.5221557812665,18.7254534681297,14.2073738979945,0.152515027132581,11189.939,5
50.5221662940377,18.7254510739795,14.207366386347,0.140923591881157,11190.042,5
50.5221720283367,18.7254467980511,14.2073597521573,0.119869105814964,11190.146,5
50.5221731076715,18.7254400688824,14.2073534430748,0.091820970616971,11190.248,5
50.5383307496238,18.724632743812,14.1982681818642,0.058442350571436,11190.352,5
50.5689031439126,18.7230961309714,14.1811044976704,0.039041356447286,11190.454,5
50.5994972923795,18.7220162571291,14.1643661454148,0.027920021139387,11190.556,5
50.6300971589413,18.7213839948475,14.1480550962207,0.007842693730747,11190.658,5
50.6607080443748,18.7213772306719,14.1323227875235,-0.01266596656999,11190.761,5
50.6607080443748,18.7213772306719,14.1323227875235,-0.01266596656999,11190.761,5
50.6918908255405,18.721816057156,14.1167298231243,-0.01590436422668,11190.864,5
50.722472108481,18.7221973228943,14.1014456376999,-0.005628684074564,11190.967,5
50.7533657462174,18.7221541152206,14.0856869664876,0.014442227461701,11191.07,5
50.7845545172826,18.7213950691736,14.0692117636898,0.041946901139693,11191.173,5
50.8157100751454,18.7197124224116,14.0520060129613,0.074871972671783,11191.277,5
50.8464822711835,18.7169983391725,14.0341501853015,0.105968653360038,11191.38,5
50.8771736642254,18.7135754354511,14.0157671073772,0.11645981267922,11191.483,5
50.9057445143439,18.7102486087402,13.9985721145413,0.111392911637054,11191.587,5
50.9110633530335,18.7096484317146,13.9953918236187,0.095207366554998,11191.691,5
50.9110574458074,18.7096440489191,13.9953909823695,0.070856019835623,11191.793,5
50.914538005411,18.7095731814444,13.9935893400559,0.040731466792794,11191.896,5
50.9414137352171,18.7090330480269,13.9797051667368,0.005816272577488,11191.999,5
50.9726135026451,18.7092184512842,13.9643398441756,-0.022550992914036,11192.102,5
51.0035008435332,18.710113804539,13.9497988957997,-0.042469645606279,11192.205,5
51.0340639748137,18.7116899037612,13.9360633733275,-0.069404362050522,11192.308,5
51.0651862543158,18.7141440660502,13.9228712752596,-0.089720886342786,11192.411,5
51.0956666414652,18.7169673250531,13.9103729505771,-0.094047726303032,11192.513,5
51.1261421893594,18.7198388963249,13.8979753362059,-0.093435742034838,11192.616,5
51.1569068537127,18.7226636481901,13.8854526120882,-0.085018155454009,11192.718,5
51.187398615715,18.725086035053,13.8727676564602,-0.067560414573515,11192.821,5
51.2182392841936,18.7269078074908,13.8594441665293,-0.04285814111398,11192.923,5
51.2487938633382,18.7280064932824,13.8456805114833,-0.028459727107048,11193.025,5
51.2793928088535,18.7288587136678,13.8317331738894,-0.030126131680489,11193.128,5
51.3102865105311,18.7299181904101,13.8178808727289,-0.043872158631167,11193.231,5
51.3411496737883,18.7315093870437,13.8045660853154,-0.066574785902873,11193.333,5
51.3716595631266,18.733848360456,13.7921335793344,-0.095480741933132,11193.436,5
51.4023779220849,18.7371585576577,13.7805154524003,-0.12949810602886,11193.539,5
51.4330059409218,18.7413871651332,13.7698098054512,-0.147697769324166,11193.641,5
51.4635977578717,18.7459703556736,13.75949552692,-0.148526522723415,11193.745,5
51.4941515108773,18.7504152896839,13.7491385858517,-0.136763007252762,11193.848,5
51.5247424840309,18.7546202318241,13.7386134282082,-0.136933972478092,11193.95,5
51.5550387746872,18.7589268441654,13.7283761863477,-0.148899625816588,11194.052,5
51.5852743784626,18.7636578110792,13.7186041086177,-0.166546780972462,11194.155,5
51.6157037093715,18.7690557004117,13.7093969067917,-0.190976623823998,11194.257,5
51.645748857137,18.774951575351,13.7008717706031,-0.198549999040364,11194.359,5
51.645748857137,18.774951575351,13.7008717706031,-0.198549999040364,11194.359,5
51.6763313245599,18.7810237450369,13.6923221225333,-0.191106695499558,11194.463,5
51.7064005790563,18.7866671936196,13.6836886988651,-0.174984284620088,11194.566,5
51.7368734060813,18.7917806240529,13.674463146393,-0.150565291623336,11194.668,5
51.7674639003582,18.7960799947992,13.6645211615643,-0.123728301981078,11194.772,5
51.7981262714429,18.7997839128215,13.6540771812533,-0.116211325114858,11194.875,5
51.8288113275908,18.8034240611153,13.6436279253748,-0.123384571151383,11194.978,5
51.8594620983498,18.8074033887638,13.6335598602522,-0.141063151590409,11195.08,5
51.8903159264634,18.8120589069514,13.6240713544146,-0.166842502295912,11195.184,5
51.9204499470982,18.8174474334346,13.6156226656596,-0.191034148178895,11195.287,5
51.9510840764839,18.823517190067,13.6076310143683,-0.206332955330165,11195.39,5
51.9810119832938,18.8300202527377,13.6004042105253,-0.229668399250963,11195.493,5
52.0110586109261,18.8373361885099,13.5939233934179,-0.250278943474404,11195.596,5
52.0409811235261,18.8450619910569,13.5879331385261,-0.253019294233722,11195.698,5
52.0708966350009,18.8527075851824,13.5819411509119,-0.242282917947206,11195.802,5
52.1009309691474,18.8599181258837,13.575572688513,-0.221924198438595,11195.904,5
52.1308364148682,18.8663696786148,13.56863973395,-0.19471707554977,11196.007,5
52.1615136565457,18.8720407871186,13.5607382224319,-0.161639251677183,11196.11,5
52.1917753086018,18.876565659935,13.5520400433739,-0.125341432350721,11196.212,5
52.2224626554886,18.8800566528067,13.5422883433492,-0.099040686680718,11196.315,5
52.2529174657079,18.8829593610871,13.5321628963418,-0.092363378944677,11196.417,5
52.2839923424932,18.8858904300982,13.5218668693086,-0.100151943085946,11196.521,5
52.3147283595024,18.8891577120108,13.5120814516444,-0.118345564520293,11196.624,5
52.3450845979117,18.8930330641511,13.503070243837,-0.144056546037026,11196.726,5
52.3756129567161,18.8978013092547,13.4948661724732,-0.175681709564733,11196.83,5
52.405969021594,18.9035598018105,13.4877022507178,-0.211533121899235,11196.932,5
52.4358834699181,18.9102582506467,13.4816436367211,-0.232323105355901,11197.035,5
52.4659482165213,18.9174371125187,13.4760307800294,-0.235152883636356,11197.138,5
52.4963063198165,18.9246048440014,13.4703584184134,-0.224508219276313,11197.241,5
52.5261838738316,18.9312036477782,13.464426595898,-0.2043495250396,11197.343,5
52.5565114846493,18.9371616806269,13.457794798983,-0.176862115065392,11197.446,5
52.5869995663217,18.9422260067427,13.4503464988301,-0.144044293273614,11197.549,5
52.6176429689278,18.9462396120409,13.441938115261,-0.107206618256217,11197.652,5
52.6481148648672,18.9490679799246,13.4325722223158,-0.068276171932115,11197.754,5
52.6792582598918,18.9508638445139,13.4220570008595,-0.039880271520294,11197.858,5
52.7098157727615,18.9519758515771,13.4112028898304,-0.030293495525498,11197.96,5
52.7098157727615,18.9519758515771,13.4112028898304,-0.030293495525498,11197.96,5
52.7403808782102,18.9528252648241,13.4001645658906,-0.024391399254382,11198.063,5
52.7715921573283,18.9536737101669,13.3889380747355,-0.032926740363157,11198.166,5
52.802175839309,18.9548714622859,13.3783374877221,-0.050966877525072,11198.268,5
52.833035095277,18.9566949428109,13.3682727550097,-0.071146893918028,11198.371,5
52.8638729790345,18.9589499118637,13.3586795692505,-0.074227072875083,11198.474,5
52.8934170405943,18.9610640174101,13.3495067141621,-0.069230636147828,11198.577,5
52.9031624325248,18.9617482678703,13.3464818446897,-0.078629094444414,11198.68,5
52.9282082723716,18.9639081624538,13.3391098664907,-0.097707273628561,11198.783,5
52.9586560316399,18.9671544792119,13.3307824262228,-0.124015744985114,11198.886,5
52.9898709378793,18.9713839658896,13.3231504869799,-0.156727333456878,11198.99,5
53.0218051210388,18.9768676617208,13.316491266234,-0.194739422907993,11199.099,5
53.0520497659598,18.9832241902506,13.3113367588016,-0.224069704966192,11199.202,5
53.082148470835,18.9902364891072,13.3069160729843,-0.233218867877667,11199.305,5
53.1124964607823,18.9974162087943,13.3026319646548,-0.227182504495191,11199.408,5
53.1423313697839,19.004148104327,13.2981854898972,-0.210300361826453,11199.51,5
53.1723023417748,19.0102809706332,13.2931997085061,-0.185551744257008,11199.612,5
53.2024103306072,19.0156568817169,13.2875260841713,-0.164350595656861,11199.715,5
53.2329218145396,19.0204836532317,13.281264405401,-0.142132341615682,11199.818,5
53.2638477328868,19.0245817611181,13.2742440260503,-0.112891099091724,11199.921,5
53.2942590311323,19.0277654192534,13.2666149908731,-0.094625223618714,11200.023,5
53.324707918063,19.0306034560924,13.2587147879579,-0.093686120001401,11200.126,5
53.3554627239316,19.0334604278189,13.2507930788233,-0.087841710686761,11200.228,5
53.3865560214309,19.0360239635196,13.2425472597894,-0.070785810573451,11200.332,5
53.4171020752305,19.0379195844718,13.2339273741348,-0.046033139120811,11200.435,5
53.4479503890441,19.0391554555912,13.2246496470836,-0.033850923738139,11200.537,5
53.4791290583303,19.0400351207094,13.2149911770167,-0.017248985576217,11200.641,5
53.5103258603057,19.0402907853092,13.2048049275349,0.00769112472771,11200.746,5
53.5415216671104,19.0396897559251,13.1938765328357,0.038791522475477,11200.849,5
53.5720822629597,19.0381032785204,13.1822913609903,0.073677206927921,11200.952,5
53.6028660750876,19.0355476225549,13.1697782165234,0.098177093728571,11201.054,5
53.6335763459244,19.032442493216,13.1568299550509,0.104801638682056,11201.157,5
53.6640402804782,19.0293264254328,13.1440106458521,0.096698956066406,11201.26,5
53.6640402804782,19.0293264254328,13.1440106458521,0.096698956066406,11201.26,5
53.6948223495922,19.0265409358769,13.1314611934179,0.078254905080774,11201.362,5
53.7259496763961,19.0243879528094,13.1194619124194,0.051909732561404,11201.466,5
53.7565313826656,19.0231312692983,13.1085489172061,0.023420963044843,11201.569,5
53.787742882659,19.0225224600011,13.0981150727844,0.012569642506576,11201.672,5
53.8183637616366,19.022230882434,13.0882333346115,0.005660369098798,11201.775,5
53.8492633998882,19.0220536725393,13.0784379897748,0.008267751541392,11201.877,5
53.8798611514074,19.0216630318033,13.0685984281116,0.022456264429947,11201.98,5
53.9113513195534,19.0206994123376,13.0580044091556,0.045863545661621,11202.084,5
53.9421915589255,19.0189902676694,13.0469652754533,0.067820793291162,11202.187,5
53.9730106008501,19.0168144578726,13.0355515072976,0.071507669033953,11202.29,5
54.0038610292847,19.0146833202729,13.0242342296047,0.061695893994053,11202.394,5
54.034729993651,19.0129465256661,13.0133515283983,0.048163128737822,11202.496,5
54.0656182563956,19.0115888054829,13.0028896574206,0.033618102042031,11202.599,5
54.0962313798859,19.0107868302817,12.9931049626741,0.010709909673896,11202.702,5
54.1271543185951,19.0107562767811,12.9840328071258,-0.017351903908024,11202.804,5
54.157767444477,19.0116103014308,12.9759643815532,-0.047529869988095,11202.906,5
54.188314865476,19.0134147083075,12.9688925223062,-0.080939992989414,11203.009,5
54.2190816013033,19.016305944354,12.9628684344371,-0.118323194508999,11203.112,5
54.2442665220187,19.0194481384174,12.9587338485363,-0.151624968837147,11203.215,5
54.2590772993194,19.0218723417696,12.9568779606972,-0.172093284368916,11203.317,5
54.2891648246246,19.0271933226333,12.9535410259817,-0.17584215588793,11203.419,5
54.3192991516147,19.0324734729089,12.9502231141643,-0.16619806898691,11203.522,5
54.3497964680858,19.0373845269335,12.9465219557222,-0.146477724746921,11203.624,5
54.3801059640857,19.0415663549368,12.9422431052804,-0.119773210895193,11203.726,5
54.4111249562964,19.0449259487086,12.9370517104658,-0.087075279560819,11203.83,5
54.4416436392313,19.0471831859798,12.9310057139552,-0.050962827258868,11203.932,5
54.4722245270825,19.0483109658621,12.9239240296557,-0.011997789648337,11204.034,5
54.5031220671049,19.048256491123,12.9156870528925,0.029512144298235,11204.137,5
54.5336838784073,19.0471410510959,12.9065825732386,0.06410838776213,11204.239,5
54.5644883301224,19.0448941380509,12.8963884992404,0.100949131988852,11204.342,5
54.5949082388047,19.0416843685029,12.8854288635639,0.140314646636122,11204.445,5
54.6254196884887,19.0371628990562,12.8732409306441,0.161643276701473,11204.548,5
54.6561357874281,19.0318553651676,12.8603031551206,0.187188445448397,11204.651,5
54.6864218102188,19.0257588723805,12.8467721657085,0.218040368177555,11204.754,5
54.7162381861257,19.0189735358984,12.8327509786415,0.233500586695698,11204.856,5
54.7460054473038,19.0118968656321,12.818517202465,0.232966429821162,11204.959,5
54.7460054473038,19.0118968656321,12.818517202465,0.232966429821162,11204.959,5
54.7761177456436,19.0048981524536,12.8043318498064,0.219920871964605,11205.062,5
54.8063310107558,18.9983883036368,12.7906552407852,0.197875985933837,11205.164,5
54.8369842578743,18.9925650312742,12.7775993483259,0.168844807994739,11205.268,5
54.8672139161459,18.9877691954218,12.7657051577672,0.138570425896964,11205.37,5
54.8975558589529,18.9836699462695,12.7545236853436,0.128530360905891,11205.473,5
54.9282039473751,18.9796773731903,12.7434380412506,0.131923356666728,11205.575,5
54.9585094137465,18.9755948039142,12.7324096434057,0.138611975011405,11205.678,5
54.9890817203771,18.9712050877451,12.7210849781393,0.151430126745582,11205.781,5
55.0198833776348,18.9662934769847,12.7092649008244,0.165761606709198,11205.884,5
55.0503603235576,18.9611647066127,12.6973719831004,0.171762779238923,11205.987,5
55.0804732436672,18.9557776727442,12.6853726439763,0.188293151449856,11206.089,5
55.1107663737009,18.9497645246869,12.6727853292129,0.204542788424336,11206.192,5
55.1409756433961,18.9434076292445,12.6599437574479,0.215084772847729,11206.295,5
55.1708218555666,18.9366766661465,12.6468779390531,0.235069395106258,11206.397,5
55.2007673864061,18.9290619157458,12.6329881783832,0.262149082887563,11206.5,5
55.230075853964,18.9202708136022,12.618144545268,0.293963962125091,11206.603,5
55.2594450962329,18.9097414240084,12.6016455295454,0.330519340635221,11206.706,5
55.2878089832849,18.8982195375771,12.5844409456017,0.360341723690018,11206.809,5
55.3164672986703,18.8865862791407,12.5671176485786,0.374215851658972,11206.912,5
55.3455037011015,18.8751317800305,12.5499443871189,0.371467747899175,11207.015,5
55.3741890717741,18.8644595321472,12.5336624284376,0.35702196841734,11207.118,5
55.4034563594139,18.8544722342306,12.5179886645729,0.333795979404338,11207.221,5
55.4332649196966,18.8451812042603,12.5029469729044,0.306225850671824,11207.324,5
55.4628925557582,18.8363004227751,12.4884029759023,0.290913557280581,11207.427,5
55.4925161622972,18.8274497660795,12.4739490492335,0.289692494475871,11207.53,5
55.5223735127316,18.8184339113368,12.4593481437288,0.300212798294383,11207.634,5
55.5514683777905,18.8089927300545,12.4445351359577,0.32024098021623,11207.736,5
55.5804064792876,18.7991330014345,12.4293979990369,0.332107554369884,11207.839,5
55.609625602516,18.7890586748002,12.4140547332376,0.329726767529987,11207.941,5
55.638618177556,18.7791866695191,12.3990099220749,0.315441281848512,11208.044,5
55.6678171377069,18.7689726184051,12.3836488172033,0.292392049995553,11208.146,5
55.697310254911,18.7597451643455,12.3692640554373,0.27553989411759,11208.249,5
55.7269959897009,18.7512304410697,12.3556073241983,0.27422660861831,11208.353,5
55.7567053760535,18.7428119437693,12.3421033814394,0.286049286166009,11208.456,5
55.7864653470224,18.734645257911,12.328901324242,0.307319649449596,11208.559,5
55.7864653470224,18.734645257911,12.328901324242,0.307319649449596,11208.559,5
55.8168464649151,18.7264128963067,12.3155921380614,0.335331937100918,11208.664,5
55.8469757610003,18.7181559676017,12.3023670968303,0.36839617340806,11208.767,5
55.8766151287156,18.7092573673518,12.2886554663591,0.402152970099572,11208.87,5
55.9051716934504,18.6983677141698,12.2732190251902,0.414811338431854,11208.973,5
55.933465891896,18.6860191776902,12.2564418583677,0.416461441401095,11209.076,5
55.9620232821609,18.6743423460426,12.2403408134579,0.43044715560846,11209.178,5
55.9904286237666,18.6629775383773,12.2246284569559,0.452908994996784,11209.281,5
56.0189638190329,18.6510415846201,12.2083881795945,0.482056373684752,11209.383,5
56.0469252949389,18.6384875489199,12.1916815728232,0.515697720191165,11209.485,5
56.0743542223007,18.6248410076178,12.1740294684966,0.547881162130492,11209.587,5
56.101236046547,18.6095825519382,12.1549163617924,0.574865690511709,11209.691,5
56.1277953183062,18.5937374290625,12.1353189407336,0.607164986727408,11209.794,5
56.1538327602247,18.5770349242286,12.114996064743,0.643507214369397,11209.896,5
56.1789884967596,18.5595318809384,12.0940520204417,0.682512514663832,11209.999,5
56.2036579785638,18.5403384321722,12.0715447121556,0.714486139792873,11210.102,5
56.2266446376118,18.5201261847761,12.048302621563,0.725220339818979,11210.205,5
56.2497235309945,18.4996349576314,12.0248044798063,0.720368368322213,11210.307,5
56.2726977985727,18.4796102417651,12.0018161208995,0.704235239245147,11210.41,5
56.2961729238489,18.4599161503699,11.9791213053601,0.683805688324004,11210.512,5
56.3199277475964,18.440831704451,11.9570289727459,0.661999333448558,11210.615,5
56.3436251917365,18.4225227398271,11.9357498477678,0.63486953729235,11210.717,5
56.367914279812,18.4048199294003,11.9150324520146,0.61164550631868,11210.821,5
56.3936111230141,18.3878298408204,11.8948822684043,0.590006703952082,11210.923,5
56.4196886553895,18.3713258268329,11.8752122567083,0.578451774209805,11211.027,5
56.445519417534,18.3544295520962,11.8552311686721,0.582948174382776,11211.129,5
56.4711027007733,18.3371511116076,11.8349475992361,0.598918110717478,11211.232,5
56.4959736881786,18.3193637531362,11.814289841709,0.622941654245021,11211.335,5
56.5207406594226,18.3004234671749,11.7925425289011,0.652164126669125,11211.438,5
56.5443229068015,18.2809490088822,11.7704444542749,0.685450631009557,11211.54,5
56.5670985902957,18.2600353051195,11.7470467871258,0.722889430678046,11211.643,5
56.5886450945931,18.2382340688583,11.7229405743164,0.762712805292974,11211.746,5
56.6095810862268,18.2149940646354,11.697502996542,0.805404973606999,11211.849,5
56.6292241534088,18.191043783169,11.671529618187,0.849044864999406,11211.952,5
56.6490939889311,18.1666007594332,11.6450662991697,0.873690945612525,11212.055,5
56.6681953080894,18.1422468457643,11.6187988225256,0.902031047051847,11212.158,5
56.6869187214151,18.1180602197433,11.5927606826007,0.934994872695943,11212.26,5
56.6869187214151,18.1180602197433,11.5927606826007,0.934994872695943,11212.26,5
56.7047452731068,18.0932095372296,11.5661777875886,0.971654071322174,11212.362,5
56.7215988026394,18.0673337431724,11.5386952147135,1.01151768678411,11212.465,5
56.7371821003279,18.0406686412424,11.51057401511,1.05345136021466,11212.568,5
56.7516898715363,18.0130626276551,11.4816393493713,1.09724204911888,11212.672,5
56.7646867271271,17.9853909216337,11.4528021352799,1.13787584380322,11212.775,5
56.7769553518026,17.95705585591,11.423386056953,1.15567704851502,11212.877,5
56.7892766975263,17.9290111997295,11.39426152536,1.15638462335241,11212.98,5
56.8022183225405,17.9006224092279,11.3647419473142,1.14404032574905,11213.083,5
56.815740771356,17.8731690199781,11.3361063153477,1.12284654791252,11213.185,5
56.8301358433237,17.8461510316139,11.307831031784,1.0948653017504,11213.288,5
56.8454161894943,17.8192808477748,11.2796315120572,1.06156768702163,11213.39,5
56.8613295025982,17.7927894599803,11.2517643726114,1.02446935514969,11213.494,5
56.877971330151,17.7667529603177,11.2242990832997,0.984528204730975,11213.596,5
56.8952860485678,17.7415221555247,11.1975930801396,0.943421258867599,11213.699,5
56.913542507882,17.7165723830912,11.1711029236045,0.910843269650124,11213.801,5
56.9323273592647,17.6924077419738,11.1453713020914,0.895718345282123,11213.904,5
56.9517105584738,17.6683348035993,11.1197041630783,0.891954931353453,11214.007,5
56.9711054140149,17.6442642220235,11.0940651040951,0.890589938733503,11214.109,5
56.9903926016611,17.620510884279,11.068778077786,0.893022438486431,11214.21,5
57.010049756109,17.5962886916557,11.0430204747409,0.907521952319778,11214.316,5
57.0293806623216,17.5718302197414,11.0170815279329,0.930831242640096,11214.419,5
57.0474404520677,17.5471737035268,10.991072037931,0.960103343244794,11214.522,5
57.0644708610626,17.5214448821118,10.9640962571221,0.994410664360549,11214.624,5
57.0802706696831,17.4953158447724,10.9368352111492,1.01961902301845,11214.726,5
57.0957582903386,17.4686244583818,10.9090540226114,1.04388679840071,11214.83,5
57.111504006738,17.4420575828543,10.8813946547692,1.07287616168846,11214.932,5
57.1261763268416,17.4149523424375,10.8532931761123,1.08819866435207,11215.035,5
57.1403575114415,17.387826005803,10.8252203678165,1.08669880284015,11215.137,5
57.1547708907338,17.3607639247339,10.7972092009849,1.07331760202981,11215.24,5
57.1697413318254,17.3333371874545,10.7688103715847,1.05064403965317,11215.343,5
57.1847564798093,17.3066287323078,10.7411409798821,1.02177604879998,11215.446,5
57.2004153691151,17.2795811896532,10.713106755679,0.987379452304772,11215.549,5
57.2165813414492,17.2535426626504,10.6860643622519,0.955587851339161,11215.652,5
57.2337786295921,17.2274440347511,10.6589160299844,0.919672761447155,11215.755,5
57.2516904383035,17.2022207530731,10.6326196579665,0.892873164741196,11215.858,5
57.2700315760595,17.1777272858635,10.6070508937904,0.862049725302742,11215.961,5
57.2700315760595,17.1777272858635,10.6070508937904,0.862049725302742,11215.961,5
57.2894854596613,17.1537818641416,10.5819906240716,0.837974697351188,11216.063,5
57.3098336191015,17.1309320857893,10.5580040216881,0.832238876616537,11216.166,5
57.3309350462004,17.107826121105,10.5337544367864,0.841009329052931,11216.269,5
57.3521268365431,17.0857000382808,10.5105157704117,0.858633027911831,11216.372,5
57.3735493032779,17.0633174096771,10.4870471017279,0.882500510189341,11216.474,5
57.394363018295,17.04033011268,10.4630435801868,0.903741697210746,11216.578,5
57.4138459974981,17.0162798226687,10.4380783545051,0.907710217522169,11216.681,5
57.4324880392537,16.9917606405982,10.4127154045885,0.901191019046493,11216.783,5
57.4504297767894,16.9671290801754,10.3873005509941,0.883806223997464,11216.886,5
57.4686201736793,16.9421589715491,10.3615641446312,0.859429622414721,11216.989,5
57.4874093289159,16.917204792895,10.3358474113002,0.830255429916006,11217.092,5
57.5067109671169,16.8933882239225,10.3112778517945,0.797663824895176,11217.195,5
57.5279794400788,16.870196912443,10.2872925625164,0.770169147647438,11217.299,5
57.5504249674739,16.8486025651827,10.2649023762717,0.758407051564471,11217.403,5
57.5726407956045,16.8276320626655,10.2431890289746,0.754561270783117,11217.506,5
57.5951495150452,16.8065178072287,10.2213681536915,0.74914942842834,11217.608,5
57.6176140846216,16.7857474100382,10.1999389592689,0.739796377140882,11217.711,5
57.6407422368895,16.7647441450967,10.1783062520822,0.73126191135619,11217.814,5
57.6637896602655,16.7445982160133,10.1575826090686,0.722008653730583,11217.917,5
57.6878673963046,16.7252109478316,10.1376448867905,0.705787022490675,11218.02,5
57.712704001622,16.7067410218648,10.1186646655801,0.682193322424825,11218.122,5
57.7374107570783,16.6888442215912,10.1003188889628,0.664824396785109,11218.225,5
57.7623022104155,16.6705949866541,10.0816769399741,0.648070959612828,11218.328,5
57.7872925798165,16.6519483874595,10.0626965800856,0.642056996931935,11218.432,5
57.8122090405472,16.6331026619317,10.0435787521107,0.650816305651713,11218.535,5
57.8362477987616,16.6141295355408,10.0244008465588,0.66874280658678,11218.637,5
57.8603512314456,16.5946870463634,10.0048102378751,0.676243712990874,11218.74,5
57.884231911109,16.5755463814198,9.98557962913973,0.669179226489895,11218.842,5
57.9086313380255,16.5565915290407,9.96659162301649,0.651486269947664,11218.946,5
57.9334458528832,16.5377102938438,9.94773792368216,0.647569987168081,11219.049,5
57.9580090000555,16.5189445103451,9.92906057759734,0.657874915739522,11219.153,5
57.9823032976694,16.4998295386499,9.91009330187928,0.678087314245023,11219.255,5
58.00579017931,16.4801952062445,9.89065907693077,0.705200545437804,11219.358,5
58.0288035030071,16.4595602990896,9.8702753137738,0.737750618932957,11219.46,5
58.0288035030071,16.4595602990896,9.8702753137738,0.737750618932957,11219.46,5
58.0510790445259,16.438149062114,9.84915951979772,0.772775631302394,11219.563,5
58.0732377349043,16.4162134134958,9.8275692114409,0.786615827158928,11219.667,5
58.094839114654,16.3945461354876,9.80628831012079,0.784524897520709,11219.77,5
58.1167720258985,16.3727591471465,9.78494410826004,0.77816472854176,11219.872,5
58.1385355215178,16.3512183390984,9.76389327820345,0.784367128787316,11219.975,5
58.1602915755166,16.329239278024,9.74245490558622,0.801447420534449,11220.078,5
58.182015072214,16.3063826015356,9.72018945591774,0.82705974446886,11220.182,5
58.2022702596705,16.2834212342578,9.6978264126271,0.857733736156081,11220.285,5
58.2216262594097,16.2593186964345,9.67433899441047,0.885791017124476,11220.387,5
58.2406028405637,16.2353074965299,9.6509717096676,0.894019813451765,11220.489,5
58.2600064565995,16.2112814743378,9.62764570017491,0.887596049360036,11220.593,5
58.2799596367214,16.1876802599832,9.60480798900607,0.870288783794168,11220.695,5
58.3005890830255,16.1646696511973,9.5826331851604,0.8450956804917,11220.798,5
58.3217428133396,16.1425528948081,9.56142243353172,0.814318782334267,11220.901,5
58.3439766355284,16.1210823027771,9.5409572676171,0.778838121982175,11221.003,5
58.3666568564247,16.1005242933263,9.52148138781295,0.751142908129128,11221.105,5
58.389661280054,16.0798803463724,9.50199473437281,0.737539589814176,11221.208,5
58.4129038343602,16.0595274881584,9.4828720921249,0.722028150292952,11221.311,5
58.4364767078472,16.0400332678736,9.46468734231737,0.698715401997464,11221.414,5
58.4607509429599,16.0208974299559,9.44696527650651,0.668931604305619,11221.516,5
58.4845037008501,16.0010895966593,9.42860869368539,0.634438117240334,11221.619,5
58.5085956680215,15.9821575828463,9.41121356865263,0.596808492323048,11221.722,5
58.533593560347,15.9639141398695,9.3946333206864,0.556263576813722,11221.824,5
58.5590320073334,15.9468167630066,9.37929967977481,0.514205413365748,11221.927,5
58.5858768215905,15.9302206537602,9.3646426167202,0.469430188673091,11222.031,5
58.6125305328349,15.9150356452486,9.35146186083881,0.424864824417568,11222.134,5
58.6400904239376,15.9008937038661,9.33947394620379,0.382002814115364,11222.236,5
58.6682288735891,15.8879397958023,9.32880461104793,0.338295865727999,11222.339,5
58.6970861163915,15.8767731147701,9.32006756626969,0.312769671467681,11222.442,5
58.7264404222926,15.8670973410513,9.31295388362329,0.306705318344359,11222.545,5
58.7555859581369,15.8579244742338,9.30641927234637,0.31488716105483,11222.648,5
58.7850423469174,15.8486565219688,9.29991503728361,0.333460693262638,11222.75,5
58.8141233114483,15.8391556135941,9.29324047503255,0.359543313560505,11222.853,5
58.8432661300928,15.82887570828,9.28589306543131,0.391018076925652,11222.955,5
58.8714707689669,15.8169805676659,9.27693895828047,0.415807962659093,11223.058,5
58.8995996569745,15.8041799578759,9.26716891921184,0.443892689177544,11223.161,5
58.8995996569745,15.8041799578759,9.26716891921184,0.443892689177544,11223.161,5
58.9273668199894,15.7906155826096,9.25669284060854,0.470375715615143,11223.264,5
58.9547627967512,15.7763186580879,9.24553837206944,0.496843792873493,11223.367,5
58.9817712219784,15.7613198168219,9.23373167980804,0.520207969530702,11223.469,5
59.0082683890438,15.7460322462752,9.22166579036585,0.525015526981626,11223.572,5
59.0353030060599,15.7304425801638,9.20945152637867,0.515832504484647,11223.676,5
59.062264252731,15.7153502823177,9.19781118979497,0.496775657381662,11223.778,5
59.0892730971039,15.7009804571053,9.18698263453823,0.470566391425166,11223.881,5
59.1171531064768,15.6869925010978,9.17673641266359,0.438242802097622,11223.984,5
59.1448599670822,15.6740123874577,9.16756020944434,0.406271455997425,11224.086,5
59.1733163112979,15.6619595652538,9.15949881030567,0.384642637810388,11224.189,5
59.2016993434759,15.6505292886579,9.15214063400275,0.381295802187775,11224.292,5
59.2303279067914,15.6389403745743,9.14475738792738,0.391374844261364,11224.394,5
59.2588243320241,15.6270034262599,9.13710884278468,0.411115997990307,11224.497,5
59.2868461444354,15.6147153749867,9.1291397680706,0.437859449370612,11224.599,5
59.3145693821983,15.6017561243983,9.12055719761892,0.469891830037636,11224.701,5
59.3421510076174,15.5878114398042,9.11107387824788,0.506072044088437,11224.804,5
59.3688758731052,15.5729113297115,9.1006051870514,0.538755709021017,11224.907,5
59.3955148289623,15.5567027608761,9.08892252739397,0.558297563956062,11225.01,5
59.4213842608955,15.5403948080383,9.07710579446119,0.568214266422853,11225.113,5
59.4475784258093,15.5234656246961,9.06481966081737,0.584278227661753,11225.216,5
59.4731968285077,15.5061991014718,9.05219259305404,0.608526071235428,11225.319,5
59.4980676297009,15.4883788378648,9.0389769741196,0.638602409343927,11225.421,5
59.5224905226277,15.4694532463256,9.02467814601979,0.673499076781956,11225.524,5
59.5460906393826,15.449508544386,9.00931097411578,0.711776456565338,11225.627,5
59.568786606174,15.4290057766154,8.99330840813677,0.735921758683283,11225.729,5
59.5915710539145,15.4081511697,8.97705248180295,0.74229912680903,11225.832,5
59.6143871315443,15.3872781120083,8.9608614359443,0.734534564878216,11225.936,5
59.6375059081636,15.366750970444,8.94514584900267,0.716318869807256,11226.039,5
59.6611741683021,15.3468687707666,8.93024980816083,0.690398597223861,11226.142,5
59.6854821152855,15.3277792427749,8.91634021542287,0.65881855220676,11226.244,5
59.710103157366,15.3090743343335,8.9029561733613,0.640667699266376,11226.347,5
59.734879590759,15.2906112470393,8.88992809829619,0.638700971290013,11226.45,5
59.7595886353845,15.2720786294786,8.87690641206676,0.650004214325731,11226.554,5
59.7842597792962,15.2529875550052,8.8634193795884,0.671293389184567,11226.657,5
59.8078901803446,15.2335499035503,8.84945998758193,0.699039377814698,11226.759,5
59.8078901803446,15.2335499035503,8.84945998758193,0.699039377814698,11226.759,5
59.8312256083928,15.2128487992046,8.83428713888607,0.730706473219477,11226.863,5
59.8540738333381,15.192068176742,8.81901354952967,0.742937591807704,11226.966,5
59.8766097285715,15.1713712132709,8.80383358114326,0.739466523444996,11227.068,5
59.8995466021801,15.1506438407508,8.78879506248897,0.7245150626528,11227.171,5
59.9231520689868,15.1302294975213,8.77429775669819,0.70073269029661,11227.275,5
59.9468827472535,15.1108914253417,8.76096353197075,0.675112509592454,11227.378,5
59.9711223186666,15.091702600583,8.74798104257575,0.661718115339442,11227.48,5
59.9954806990013,15.0727105156626,8.73530809064228,0.664103693445574,11227.583,5
60.0197067221801,15.053552812858,8.72253338598643,0.678485983216155,11227.686,5
60.043302930899,15.033672940348,8.70899501197168,0.701648947851179,11227.789,5
60.0659972056415,15.0128113895272,8.69437034260004,0.731288845000981,11227.892,5
60.0878673698829,14.9910469728408,8.67874970953063,0.765630374557849,11227.995,5
60.1085393139036,14.9685391617554,8.66218757588688,0.803050829485433,11228.097,5
60.1286077405184,14.9454551265965,8.64498991779959,0.842957004143633,11228.2,5
60.1481841132966,14.9215691145014,8.62696424211481,0.885216109370932,11228.303,5
60.1667346569244,14.8968784829791,8.60796616180296,0.92878181513804,11228.405,5
60.1839054233054,14.8715688647001,8.58807479793394,0.972932619441396,11228.508,5
60.1999474409214,14.8451749781785,8.56689985948978,1.01837844730621,11228.61,5
60.2152117732561,14.8186766557886,8.54547370396041,1.05800749146518,11228.713,5
60.2301172914799,14.7916293410641,8.5234774648865,1.08254384426364,11228.816,5
60.24450143083,14.7642895656468,8.50111209393159,1.08834299336697,11228.918,5
60.2587413440411,14.7371922533827,8.47899330786311,1.0803345759034,11229.02,5
60.2731043875895,14.7101546679555,8.45701922536332,1.06247281086515,11229.122,5
60.2877685179661,14.6829431478677,8.43501700766802,1.03686244280815,11229.225,5
60.3027050989764,14.6562048593994,8.41360199465518,1.00584816920741,11229.327,5
60.3185119947001,14.629983202424,8.39298873607449,0.987057753590622,11229.429,5
60.3354432080139,14.6041344848006,8.37311926917153,0.984266766325887,11229.532,5
60.35287849241,14.5784671507136,8.35363769544197,0.991010924486678,11229.636,5
60.3700505693587,14.5527445998082,8.33409565373335,0.993491440583486,11229.738,5
60.3870105784357,14.5271822522162,8.31471247311523,1.00077159597302,11229.842,5
60.403800150667,14.5012992600467,8.29504039613319,1.01421827198817,11229.944,5
60.4204412322412,14.4752946919417,8.27527567874938,1.03519501103198,11230.048,5
60.4368005977647,14.4487386836513,8.25496789568448,1.06308741472851,11230.151,5
60.452196340322,14.4222939358417,8.2345364490158,1.09438595567268,11230.254,5
60.466329279166,14.3948479604219,8.21282357468017,1.10741307396376,11230.356,5
60.4801612316196,14.367239959441,8.19092120235848,1.1039832592633,11230.459,5
60.4801612316196,14.367239959441,8.19092120235848,1.1039832592633,11230.459,5
60.4942134886668,14.3397185838791,8.16922869580285,1.08891843768287,11230.562,5
60.5087409167127,14.3124598952632,8.14799614544248,1.06537465309153,11230.665,5
60.5235946630176,14.2857374155923,8.12743818384994,1.03593908538526,11230.768,5
60.539640001223,14.2593826539281,8.10767764704569,1.00322256702856,11230.87,5
60.5563710133538,14.2337722690511,8.08891426839434,0.974386872773108,11230.972,5
60.5738345819578,14.2082663894862,8.0705636396233,0.965461970708291,11231.075,5
60.5913970565442,14.1828175582423,8.05237658381652,0.971537778351461,11231.178,5
60.6085165042597,14.1574600944098,8.03420460308592,0.988301709541851,11231.28,5
60.625285941163,14.1315177937721,8.01543937510972,1.01310909634942,11231.383,5
60.6415074043676,14.104898022295,7.99592552401586,1.03898910009268,11231.487,5
60.6568343513424,14.0784619120091,7.97635009019324,1.05232343693483,11231.59,5
60.672149999107,14.0516041770158,7.95644452705017,1.04978954315607,11231.692,5
60.6875019618568,14.0251159890988,7.93696837082464,1.03557081920841,11231.794,5
60.7033066695599,13.9989042811818,7.91798110618616,1.01296426886966,11231.897,5
60.7199149817108,13.9728377365185,7.89948829027577,0.986428986533699,11231.999,5
60.7370257836382,13.9474374314148,7.88187543282306,0.96794629647569,11232.101,5
60.7544222876929,13.9222685078531,7.86466144357016,0.966694279774378,11232.204,5
60.7718763461823,13.8968070924528,7.84727762393786,0.978365242268868,11232.307,5
60.7889438919117,13.8710654154421,7.82957415934757,0.99941629580973,11232.409,5
60.805239383059,13.8451758927201,7.8115291921315,1.0268036071491,11232.512,5
60.8209303301206,13.8185655104206,7.79266801071737,1.05710548529304,11232.615,5
60.8358136065306,13.7914969478185,7.77315531490263,1.08587617163122,11232.717,5
60.8498517878127,13.7643386970667,7.75331311598692,1.10224538646431,11232.819,5
60.8636340473823,13.7370171417414,7.73329219092365,1.10212816924089,11232.921,5
60.8775670852214,13.7097403770944,7.71344005243561,1.08953946643541,11233.023,5
60.891934763948,13.6826941159304,7.69403956050364,1.06795263678321,11233.125,5
60.9069464125473,13.6560064792143,7.6752938291624,1.03976962392154,11233.228,5
60.9230437101283,13.6292537482487,7.65699195058849,1.00610687585325,11233.331,5
60.939618601026,13.6035135522378,7.63989274892687,0.986885778226497,11233.433,5
60.9568781552,13.577490830984,7.62289279773237,0.98519932089709,11233.537,5
60.973861849954,13.5516814721271,7.60606720683961,0.996688101054771,11233.64,5
60.9902907298839,13.5258664277782,7.58909968867125,1.0174675928709,11233.742,5
61.0061104493391,13.4996674718317,7.57161835315249,1.04513094117672,11233.844,5
61.0211455410072,13.4730070223905,7.55347683173825,1.07794400812251,11233.947,5
61.0355259508841,13.4453079891349,7.53419936659146,1.11519754685188,11234.051,5
61.0487406944452,13.4173691145632,7.51429718426529,1.15188146094197,11234.153,5
61.0611204550934,13.3890714320666,7.49379292887465,1.16858007776568,11234.257,5
61.0733350300939,13.3603687302265,7.4729232068748,1.16781509975656,11234.36,5
61.0733350300939,13.3603687302265,7.4729232068748,1.16781509975656,11234.36,5
61.0854660490064,13.3322698497813,7.45263626884225,1.15461509222292,11234.463,5
61.0983018741247,13.3038330846225,7.43241707176873,1.13216177742489,11234.566,5
61.1115691872449,13.2762632923735,7.41324234567152,1.10361387436681,11234.669,5
61.1259489337967,13.2485802746965,7.3945262741683,1.06951591583404,11234.772,5
61.1409955908229,13.2219327247293,7.37711760603367,1.03647685079254,11234.875,5
61.1568813977466,13.1954154899495,7.36028210097264,1.02403755840425,11234.978,5
61.1729390253515,13.1690152661267,7.3437192862398,1.02734599781262,11235.081,5
61.1887849896136,13.1425029365073,7.32705437000795,1.04231051423771,11235.183,5
61.204150235017,13.1156913381362,7.30999816768022,1.06588058915768,11235.286,5
61.2186629840659,13.0887558812752,7.2925358241518,1.09540942322312,11235.389,5
61.2325888300119,13.060839120877,7.27401920959739,1.13024830920746,11235.492,5
61.2453764237403,13.0327136306542,7.25488075812827,1.16817119984751,11235.595,5
61.2571934334591,13.0038530100307,7.23472282228359,1.19984684703319,11235.7,5
61.2683388985156,12.9747195377497,7.21408925180485,1.21032629211748,11235.803,5
61.2793753388978,12.9454981849521,7.19340304399123,1.20501187561175,11235.907,5
61.2904731858783,12.9169530060328,7.17341852264246,1.18870490436565,11236.009,5
61.3022294560512,12.8883672330549,7.15378574496893,1.16414530564971,11236.112,5
61.314871012038,12.8598377123373,7.13470472743359,1.13362396941777,11236.216,5
61.3280947741492,12.8322253005782,7.11679342037158,1.11096271330858,11236.318,5
61.3417866612731,12.8048568468777,7.09940880043367,1.10396695149917,11236.421,5
61.3557725876248,12.7769871028068,7.0818188437664,1.11165134056979,11236.524,5
61.3691675619159,12.7494864596674,7.06435514879012,1.12966467294756,11236.627,5
61.3822265106249,12.7211545369131,7.046092030097,1.15580009192093,11236.73,5
61.3943624493418,12.6927300935368,7.02738189320483,1.18741146365763,11236.833,5
61.4055240729161,12.6639084114577,7.00792779180215,1.22324832885137,11236.936,5
61.4157865267364,12.6347765200235,6.98783674308966,1.24331872078942,11237.039,5
61.4256764518271,12.6055141825041,6.96752407917179,1.2453842358279,11237.142,5
61.4356669578481,12.5762670377469,6.94735349214913,1.23406723823918,11237.245,5
61.4459856176804,12.5474594450721,6.92780754121548,1.21349605356972,11237.348,5
61.4570782964057,12.5186233357011,6.90871472109335,1.18576802699158,11237.451,5
61.468877445938,12.4900434245726,6.89029179984774,1.16754213161917,11237.554,5
61.4810199411992,12.4616428155574,6.87229021316246,1.16558108656035,11237.656,5
61.4929646589921,12.4334763637462,6.85447676786838,1.17693319034132,11237.758,5
61.5046051252539,12.404853922735,6.85447676786838,1.17693319034132,11237.861,5
61.5046051252539,12.404853922735,6.83620597621573,1.19786039145916,11237.861,5
61.515571159375,12.3759616569342,6.8174405520569,1.22574851437603,11237.964,5
61.5255769183373,12.3470383444966,6.79822675058848,1.25847041343987,11238.066,5
61.5345889162715,12.3177988614991,6.778298061442,1.29238650148263,11238.168,5
61.5429051816636,12.2880512368092,6.75764662854317,1.30649779522358,11238.271,5
61.5509770487839,12.2582195243439,6.7368706716045,1.30919080089492,11238.374,5
61.5588256742761,12.2283446585766,6.71601513474739,1.323695443912,11238.478,5
61.5661419403904,12.1983287060382,6.69482821013759,1.34683121924446,11238.58,5
61.5726860309638,12.1681313046484,6.67314152504765,1.3764160270625,11238.683,5
61.57822742756,12.1380368613868,6.65106047751863,1.41034393165873,11238.785,5
61.5827033630283,12.107766279379,6.62831009433411,1.44776194223748,11238.887,5
61.5860781607405,12.0767491490984,6.60438996948279,1.48854199496061,11238.991,5
61.5881845474173,12.0462204847086,6.58022670905895,1.53048453646867,11239.094,5
61.5890545539561,12.0153297469337,6.55512358952515,1.57427543280974,11239.196,5
61.5885995569419,11.9847293175744,6.52956347011269,1.61871315784538,11239.299,5
61.5867537501936,11.953880641248,6.50305571813115,1.66439009121316,11239.402,5
61.5834454391049,11.9228530585386,6.47560986610878,1.71112341540712,11239.505,5
61.5787756332384,11.8926087869301,6.44806750850758,1.75739358660468,11239.608,5
61.5729644746179,11.8622464132016,6.41980459078237,1.80447085618003,11239.71,5
61.5678568501106,11.8383209038614,6.39724855276156,1.85223245179355,11239.814,5
61.5682216941616,11.8364657133693,6.3959353065204,1.89923548279345,11239.916,5
61.5681929438211,11.836450356904,6.39590626586105,1.94612487009915,11240.019,5
61.5659110345302,11.8317267165994,6.39072644258164,1.98430217153062,11240.121,5
61.5552252215187,11.8084713983052,6.36554087651051,2.02001346073276,11240.224,5
61.5414948721197,11.7811765388315,6.33530337580976,2.06643310120161,11240.327,5
61.5265842535954,11.7544779954826,6.30488022322221,2.11337784208955,11240.43,5
61.510636958176,11.7287431503983,6.27465279281239,2.15987101395615,11240.532,5
61.4935484961533,11.7037781020588,6.2444011963821,2.20615473018496,11240.634,5
61.4747181662052,11.6789665535128,6.21327580164001,2.2507310982886,11240.738,5
61.4550093838538,11.6551707152029,6.18247894503168,2.2953448188656,11240.841,5
61.4343204945437,11.6322426394205,6.15183271741449,2.32095721907414,11240.944,5
61.4134103089243,11.6099299548135,6.12156683733101,2.32724014318967,11241.046,5
61.3924453390388,11.5875944436927,6.09125403862142,2.319175976098,11241.148,5
61.3717528148176,11.5650183933358,6.06090261965389,2.3008975387825,11241.251,5
61.3513551329678,11.5417868394072,6.0301839154482,2.27463987681594,11241.354,5
61.331441185583,11.517772665418,5.99910020156729,2.24243471081766,11241.457,5
61.3123209721689,11.4931085586033,5.96793612022697,2.20607889522239,11241.561,5
61.3123209721689,11.4931085586033,5.96793612022697,2.20607889522239,11241.561,5
61.2944941483719,11.4682285770964,5.93733228737987,2.16740648175418,11241.663,5
61.2776384093417,11.4426806327472,5.90673325786035,2.12647148025136,11241.765,5
61.2616355776366,11.4162412337377,5.8758884852854,2.08558403013429,11241.868,5
61.2467408135883,11.389495126515,5.84542493977186,2.06641131035572,11241.971,5
61.2321910196746,11.3622166257653,5.81472309697007,2.05328865362699,11242.074,5
61.2178481308421,11.3348492859641,5.78406898327032,2.05599589326238,11242.176,5
61.2031625928092,11.3073127011981,5.75308256359693,2.07078139379895,11242.281,5
61.1881272361409,11.2803066849525,5.72233300107912,2.09409059956092,11242.383,5
61.1723978727429,11.2536961143904,5.6915113394825,2.12375709529468,11242.487,5
61.1559652082388,11.2275191975814,5.66064258198944,2.15816165767909,11242.59,5
61.1389908162104,11.2016901170027,5.62974843367191,2.19611077291106,11242.693,5
61.120809816926,11.1763550707697,5.59856700555086,2.22808492709232,11242.796,5
61.1019697953284,11.1522147621296,5.56798659392084,2.23891301499246,11242.898,5
61.0828270383379,11.1279403031202,5.53712322509535,2.23447038455537,11243.001,5
61.0639118708159,11.1035147243105,5.50626690739204,2.21860448369517,11243.104,5
61.0454686225628,11.0787368363131,5.47539239404353,2.19436944307711,11243.207,5
61.0278631178772,11.0537173901132,5.44479966211957,2.16436799944593,11243.309,5
61.0110448406864,11.028163687615,5.41421979808837,2.12984672434164,11243.411,5
60.9951144484015,11.0020449051211,5.38368567103804,2.09203087940045,11243.514,5
60.9798589988647,10.9748239092901,5.35263626528019,2.06458729135676,11243.617,5
60.9654709382043,10.947822602512,5.32226648047383,2.05716509574794,11243.719,5
60.9509937097521,10.920539367314,5.29161732881435,2.0643037044874,11243.822,5
60.9360956930721,10.8931427388792,5.26063613784478,2.0770662013526,11243.926,5
60.9211629706824,10.8664594771969,5.23022065462978,2.08716425393459,11244.029,5
60.9057569975166,10.8396680629458,5.19944599292958,2.10395066671724,11244.131,5
60.8896600814414,10.8129362473058,5.1683232048455,2.12899833320082,11244.235,5
60.8729975510852,10.7869080148952,5.13744989009414,2.1598381814044,11244.338,5
60.8557096207549,10.7616565335067,5.10685063452585,2.19015870389318,11244.44,5
60.837623391416,10.736625124986,5.07597071003481,2.20454851782448,11244.544,5
60.8191689420136,10.7114963649274,5.04479892753781,2.20215348281244,11244.647,5
60.8010475046622,10.6864486886344,5.0138854726477,2.18772986330946,11244.75,5
60.7835450204036,10.661335935325,4.98327575822927,2.16472488486287,11244.853,5
60.7665206992242,10.635541263093,4.95238474035329,2.13509572256401,11244.955,5
60.7503074141971,10.6092306803626,4.92154055851533,2.10120760177839,11245.058,5
60.7350008505502,10.5823786805646,4.89077880655384,2.06738672329333,11245.161,5
60.7350008505502,10.5823786805646,4.89077880655384,2.06738672329333,11245.161,5
60.7205985371498,10.5553574840302,4.86040369858134,2.04873268748044,11245.263,5
60.7064210730398,10.5279303226152,4.82983085040388,2.04684649970859,11245.366,5
60.6923509267631,10.5008006769552,4.79956650277215,2.05432852229256,11245.469,5
60.6777146634721,10.4732629011773,4.76864500860137,2.06929127054882,11245.572,5
60.6628764710782,10.4465079679261,4.7382467824812,2.09185400578792,11245.675,5
60.6472162417523,10.4198704948212,4.70746861500052,2.12093288276462,11245.777,5
60.6310580011265,10.3938739515735,4.67692352780691,2.15451734852769,11245.879,5
60.614929817781,10.3674383695476,4.64603981416984,2.19036274090249,11245.982,5
60.5978311727293,10.3412620885289,4.61480266857961,2.21975755170828,11246.087,5
60.5789515596029,10.3164342690996,4.58362463443798,2.2298268062175,11246.19,5
60.5602364414521,10.2922347610587,4.55305341738841,2.22450913629073,11246.293,5
60.5415677594482,10.2676112327383,4.52216466437591,2.20807741210886,11246.396,5
60.523212203101,10.2423880742722,4.49097057032457,2.18328681633418,11246.499,5
60.5056939181598,10.2169365773039,4.46007800969413,2.15771660394062,11246.602,5
60.4889273787999,10.1913165364927,4.42948611253487,2.13957786755576,11246.705,5
60.4723651939287,10.1651897874402,4.39860175547572,2.13371689277465,11246.807,5
60.4559957280954,10.1393505849135,4.36806408173072,2.14208535817048,11246.909,5
60.4391455249448,10.1134771541021,4.33721896401687,2.16068120743748,11247.013,5
60.4217117385213,10.0879842381677,4.30634294824448,2.18681089075486,11247.116,5
60.4036057225667,10.0630179035505,4.27550264390045,2.2186048481375,11247.218,5
60.3857889180932,10.0380530946817,4.24483225942995,2.24457159852458,11247.321,5
60.3671609023825,10.014037734869,4.21446012082262,2.25502302630276,11247.424,5
60.3474927534931,9.98985773019767,4.18334836093245,2.24941903185046,11247.527,5
60.3290454874814,9.96538923226928,4.15271399687283,2.23275169314234,11247.63,5
60.3115799727028,9.93981181637158,4.12175030422635,2.20786467519739,11247.733,5
60.2939077149874,9.91446584308527,4.09085432830564,2.1953920091169,11247.836,5
60.2756659251724,9.88919087012341,4.05968418316345,2.19938455281357,11247.939,5
60.2575547351386,9.86454761723682,4.02910353950146,2.21463909990944,11248.042,5
60.2388009305154,9.84000265328725,3.99822848525986,2.2383912976371,11248.145,5
60.2194142333191,9.81561722708968,3.96711489583482,2.24788906803233,11248.249,5
60.200076015429,9.79145989667599,3.93621564786126,2.24180901889842,11248.352,5
60.1808199769346,9.76689306087898,3.90503173967973,2.22450892596931,11248.455,5
60.1624132517549,9.74242119606437,3.87441929249753,2.19954368972315,11248.558,5
60.1444966240276,9.71720866766592,3.84348919784038,2.16969230469685,11248.66,5
60.1444966240276,9.71720866766592,3.84348919784038,2.16969230469685,11248.66,5
60.1274190777386,9.69176395730216,3.81285811605126,2.14863286297406,11248.763,5
60.1105748886447,9.66584522905294,3.78197748719124,2.1450357183948,11248.866,5
60.0935749723962,9.64018393809093,3.75121603167067,2.1523562272571,11248.968,5
60.0758646154497,9.61488637138435,3.72033695950297,2.16525796960511,11249.072,5
60.0587539837354,9.58951503972902,3.68974716697221,2.16270143577425,11249.174,5
60.0417280010503,9.5640216634469,3.65910769520567,2.15297477030654,11249.277,5
60.0248511675848,9.53810485714675,3.62821136508986,2.14224840397942,11249.38,5
60.0081249799096,9.51211881860488,3.59734719221893,2.14475828113844,11249.483,5
59.9912992407278,9.48622703420116,3.56650214679479,2.15251187724171,11249.585,5
59.9742330477724,9.46048684311993,3.53564036520122,2.15894257236948,11249.688,5
59.9571402325595,9.43476518676201,3.50477846654777,2.15181420348214,11249.791,5
59.9401442476864,9.40859922852482,3.47361300053057,2.13697223303497,11249.895,5
59.9237225381836,9.38245114869757,3.44279855330674,2.12575276930809,11249.998,5
59.9076220678174,9.35645225419821,3.41229424296756,2.12778705423761,11250.101,5
59.89102159813,9.33003060528716,3.3811557624824,2.14144219442725,11250.204,5
59.8741604930278,9.3041237326179,3.35028268633127,2.15724035704112,11250.307,5
59.8571329441302,9.27869570290323,3.31970048120723,2.16262725618398,11250.41,5
59.8399455472689,9.25302390992632,3.28882747499199,2.15403135224412,11250.513,5
59.8229177470108,9.22687701875414,3.25766399723214,2.13500761358472,11250.616,5
59.8067711552261,9.20088299048054,3.22714282381155,2.11052966085006,11250.719,5
59.7910796430682,9.17425030321118,3.1963745483301,2.09410111658996,11250.821,5
59.7758317261658,9.14771593065467,3.16594990678809,2.09316868491458,11250.923,5
59.7601606819813,9.12071810897631,3.13490489429105,2.10527682381071,11251.027,5
59.7443897184257,9.09449564264973,3.10442974845906,2.12574306025764,11251.13,5
59.7278525182088,9.06839108735858,3.07359889378174,2.1530175464243,11251.233,5
59.7105353841886,9.04246302900597,3.04245009463695,2.16725790031029,11251.336,5
59.6933395987434,9.0171409819158,3.01186212674841,2.16504848059506,11251.438,5
59.6763160261334,8.99169487968596,2.98127667271682,2.15099043731866,11251.54,5
59.6597390899132,8.96596667906302,2.95072949332672,2.12831029017199,11251.642,5
59.643510432142,8.93932043983167,2.91965151128625,2.09866365534705,11251.746,5
59.6283267450626,8.91274744460992,2.88925639122581,2.07407276248976,11251.848,5
59.6133358846089,8.88529911265625,2.85827765487488,2.06574989507907,11251.952,5
59.5984720599994,8.85789736319695,2.82741867210968,2.07077807850629,11252.057,5
59.5837307962194,8.83071258368343,2.79681384094305,2.06213548130734,11252.16,5
59.5837307962194,8.83071258368343,2.79681384094305,2.06213548130734,11252.16,5
59.5691864685566,8.80309920902575,2.76599129543672,2.04312235289388,11252.263,5
59.5555068784938,8.7757182186313,2.73588322455973,2.01823292826899,11252.366,5
59.5422437663048,8.74746250229101,2.70533993454294,1.99610895311108,11252.469,5
59.5297072474181,8.71952906451858,2.6755084757795,1.98846980707488,11252.572,5
59.516995570597,8.69103122886345,2.64514025877229,1.99560204438945,11252.675,5
59.5042363319859,8.6632344772523,2.61531846624681,2.00880832948904,11252.778,5
59.4909298724017,8.6350247215349,2.58485306606412,2.0187706940616,11252.881,5
59.4775007329364,8.6075255516895,2.55489097604498,2.03783142667931,11252.983,5
59.4631866999332,8.57979322503419,2.52421591850647,2.06471007995639,11253.087,5
59.4483990875158,8.55300841383731,2.49400757522214,2.09002999864743,11253.19,5
59.432923445635,8.52626662814898,2.46341719498511,2.10077221318474,11253.293,5
59.4173074344054,8.49959220520646,2.43280046284094,2.09655205452969,11253.395,5
59.4019078166178,8.47276822484833,2.40220838433799,2.08147422276603,11253.498,5
59.3869820513457,8.44565856330003,2.37169658336521,2.05892238861331,11253.601,5
59.3727270692347,8.41818054933403,2.34132752942325,2.03036758547874,11253.704,5
59.3594033029155,8.39060303905453,2.31148031329593,2.00759622634324,11253.806,5
59.3464393734088,8.36253916658007,2.28150239327934,2.00099970611104,11253.909,5
59.3335068875122,8.33447176830583,2.25156692310284,2.00879244059513,11254.013,5
59.3202391929334,8.3065705191449,2.22157352533802,2.02713223171553,11254.116,5
59.3062347860822,8.27869049788333,2.19115202017285,2.05342232619823,11254.219,5
59.2917288453411,8.25174510878801,2.16115048264307,2.08479110157939,11254.322,5
59.2762872712946,8.22499806998176,2.13071809410482,2.10563218568652,11254.424,5
59.2604734670097,8.19846350054357,2.10022223054565,2.10950920827791,11254.527,5
59.2448318297677,8.17214907957173,2.07001732450497,2.10034221991164,11254.629,5
59.2293858466543,8.14537409171055,2.03959985720635,2.08117646346076,11254.732,5
59.2145347886563,8.11827021411407,2.00933343727787,2.05458056804248,11254.835,5
59.2003290851104,8.0904878843557,1.97899293555589,2.02287954758225,11254.94,5
59.1870072991233,8.06257853950306,1.94916269126493,2.00707146051742,11255.043,5
59.1738436482895,8.03433488458829,1.91921963989546,2.00848569880606,11255.146,5
59.1607631235214,8.0067249808957,1.88984604205073,2.02201875367514,11255.249,5
59.1470725505528,7.97906508116904,1.86006728239987,2.04468111585818,11255.351,5
59.1328310925824,7.95201789959171,1.8304121502532,2.0736986288218,11255.454,5
59.1176277925154,7.92515653572196,1.80027993938074,2.10728661006069,11255.557,5
59.1016342075252,7.89872276548999,1.76995688124202,2.12843782544554,11255.659,5
59.1016342075252,7.89872276548999,1.76995688124202,2.12843782544554,11255.659,5
59.0852341501913,7.87251309930654,1.73954452592304,2.132057693114,11255.762,5
59.0690262691768,7.84653365560664,1.70944982971539,2.121891603786,11255.865,5
59.0530332787297,7.82010710061757,1.67919282849627,2.10195489454782,11255.967,5
59.0376285955313,7.7933167236072,1.64909593013039,2.07818986099983,11256.07,5
59.0227033162994,7.76624941519447,1.61915760716769,2.07053588627916,11256.174,5
59.0078471400598,7.73912129114697,1.58926023190185,2.07372490881908,11256.276,5
58.9930731596951,7.71231132477367,1.55968912895073,2.07836943940876,11256.379,5
58.9779252531146,7.68538795318474,1.52981669301327,2.09297031379529,11256.481,5
58.9621907131569,7.65844936002607,1.49956304695526,2.10663690734112,11256.585,5
58.9465620821704,7.63214001145012,1.46986963832124,2.10442775592769,11256.687,5
58.9310965698346,7.60572211181682,1.44025331569197,2.09085873765432,11256.79,5
58.9159167735748,7.57880460404486,1.41053291359665,2.07679214750087,11256.893,5
58.9009666578516,7.55177342778766,1.38095005100545,2.07816984007633,11256.996,5
58.8858429769394,7.52482288552788,1.35135611255829,2.09184047084618,11257.098,5
58.8704099848474,7.49839119991836,1.3219538233553,2.11411428549058,11257.2,5
58.8540306955217,7.47182314450072,1.29182274800542,2.13609046649204,11257.305,5
58.8372854179125,7.44573434574042,1.26180010966596,2.14716912323771,11257.408,5
58.8203927452696,7.41977351076129,1.23180316195434,2.1446207848662,11257.511,5
58.8036688629021,7.39379975351892,1.20197257883776,2.1441770454673,11257.614,5
58.7868180332909,7.36790138854809,1.1721520523418,2.15648647924438,11257.716,5
58.7697225272097,7.34252172932561,1.14254618151696,2.17776342852026,11257.818,5
58.7520298061217,7.3175578760759,1.11281384671354,2.20571112750236,11257.921,5
58.7333199414029,7.29262942321935,1.08237878410713,2.22562153041593,11258.024,5
58.7145330933892,7.26850195824436,1.05244401547058,2.24583252692995,11258.127,5
58.695002060158,7.24458610766776,1.02211115188314,2.27339178737289,11258.23,5
58.6744590193597,7.22114565836648,0.99133366449206,2.3064511876427,11258.333,5
