X,Y,dis_to_goal,angle_to_goal,t
43.9200340021845,18.790060856133,18.5623445047597,-4.89965315981777E-05,8088.16
43.9200342717161,18.7900613759662,18.5623446432799,-4.93851807661372E-05,8088.263
43.9200345412475,18.7900618957995,18.5623447818003,-4.97738297973172E-05,8088.365
43.9200348107787,18.790062415633,18.5623449203209,-5.01624789208677E-05,8088.469
43.9200350803098,18.7900629354665,18.5623450588417,-5.05511281865267E-05,8088.572
43.9200353498406,18.7900634553002,18.5623451973629,-5.09397768517772E-05,8088.675
43.9200356193711,18.7900639751339,18.5623453358843,-5.13284261192126E-05,8088.777
43.9200358862847,18.7900644899207,18.5623454730609,-5.17133022519545E-05,8088.88
43.920036155815,18.7900650097547,18.5623456115827,-5.21019515620225E-05,8088.983
43.9200364279618,18.7900655346357,18.5623457514496,-5.24943737456596E-05,8089.087
43.9200364279618,18.7900655346357,18.5623457514496,-5.24943737456596E-05,8089.087
43.9200366974916,18.7900660544698,18.562345889972,-5.28830230717148E-05,8089.19
43.9200369696379,18.790066579351,18.5623460298394,-5.32754456479267E-05,8089.293
43.9200372417841,18.7900671042323,18.5623461697071,-5.36678681504199E-05,8089.397
43.9200375113133,18.7900676240667,18.5623463082301,-5.40565175750629E-05,8089.501
43.9200377834591,18.7900681489483,18.5623464480982,-5.44489399967318E-05,8089.605
43.9200380529877,18.790068668783,18.5623465866219,-5.4837589447132E-05,8089.708
43.9200383225163,18.7900691886177,18.5623467251456,-5.5226238881545E-05,8089.811
43.9200385920449,18.7900697084526,18.5623468636694,-5.56148883177343E-05,8089.914
43.9200388641896,18.7900702333345,18.5623470035386,-5.60073109827641E-05,8090.017
43.9200391311008,18.7900707481226,18.5623471407182,-5.6392187130605E-05,8090.119
43.9200394032453,18.7900712730048,18.5623472805878,-5.67846098764591E-05,8090.223
43.9200396727728,18.7900717928401,18.5623474191128,-5.71732593561691E-05,8090.326
43.9316982331951,18.7899988025281,18.553514251094,0.011551676451776,8090.429
43.9623772901204,18.7894421098696,18.530044982385,0.029411761418085,8090.532
43.9929458266855,18.7883292141065,18.5063133140746,0.048477034617078,8090.634
44.0240843234084,18.7866113320361,18.4817743239702,0.06633352344664,8090.738
44.0545962758406,18.7844663585892,18.4574435426527,0.076552294270631,8090.84
44.085126457297,18.7820967235037,18.4329691310705,0.079234823514289,8090.942
44.1159442295177,18.7797041180248,18.4082824045093,0.074463993930557,8091.046
44.1470869435124,18.7775007861767,18.3834967080122,0.063905895747185,8091.149
44.1776503886133,18.7757047491554,18.3594342528015,0.049287401945594,8091.251
44.2082344143703,18.7743954256614,18.3356993881451,0.030877688322418,8091.354
44.2391353003999,18.773694184304,18.3121529485589,0.00776514334833,8091.457
44.2700420542968,18.7737413453395,18.2891226123805,-0.018416634691024,8091.56
44.3012347206903,18.774625011705,18.2664604974038,-0.04645608411883,8091.663
44.3318006342274,18.7763628782111,18.2448605973328,-0.075963211658934,8091.765
44.3626051242266,18.77904344173,18.2237396805516,-0.107500525822637,8091.869
44.3932861365822,18.7827147088876,18.2034020347251,-0.141072270169119,8091.972
44.4238196986885,18.7874427938055,18.1839123905621,-0.176535185400718,8092.074
44.4541739165138,18.7932452901295,18.1653090037053,-0.207780752027535,8092.177
44.4840810110274,18.7997468717234,18.1475403118443,-0.222290967309897,8092.28
44.5141921068713,18.8065945716128,18.1298883625015,-0.223425329602704,8092.383
44.5443313324295,18.8133711638047,18.112203111146,-0.215335176850232,8092.486
44.5443313324295,18.8133711638047,18.112203111146,-0.215335176850232,8092.486
44.5748346635803,18.8198899821665,18.0941107414967,-0.201206370572848,8092.589
44.6048489462071,18.8258243632234,18.0760184336014,-0.18406085288296,8092.691
44.6349169137395,18.831207653826,18.0575467816425,-0.165134518991549,8092.794
44.6654197290405,18.836062939235,18.0384301995932,-0.146193170968131,8092.897
44.6960095005439,18.840369549695,18.0189094848664,-0.130729263760612,8093
44.72664396069,18.844273272799,17.9991135866088,-0.121607781131045,8093.102
44.757301276521,18.8479755961342,17.9791949048345,-0.120130921987717,8093.205
44.7879702072604,18.851724171212,17.9593303197093,-0.126338677770178,8093.308
44.8186070662641,18.8557410632529,17.9397038096017,-0.138660101258783,8093.411
44.8488969034223,18.86013661041,17.9206212653902,-0.154514140535452,8093.513
44.8794116626131,18.8650668802891,17.9017736365427,-0.16967269728555,8093.616
44.9095640212567,18.8703730793234,17.8834811657231,-0.181528832305986,8093.718
44.9402623837742,18.8761097868494,17.8651220966514,-0.189429892666466,8093.822
44.970593019899,18.8819833025388,17.847159620135,-0.194231554528029,8093.925
45.0005935473328,18.8879308417026,17.8295226505778,-0.198467687451507,8094.028
45.0312032776785,18.8941523014825,17.8116694577728,-0.204414376179431,8094.131
45.0611773192343,18.9004585827275,17.7943708739255,-0.21288817102133,8094.233
45.0913751773773,18.9071098047934,17.7771858370918,-0.223827625752705,8094.336
45.1212440129208,18.9140515935656,17.7604765526694,-0.236522571123871,8094.438
45.1509805268401,18.9213723953783,17.7441630704289,-0.25040898000285,8094.541
45.1808952059274,18.9291948695324,17.7281087227819,-0.265277761043142,8094.643
45.210975482625,18.9375573717753,17.7123515305612,-0.281419885619588,8094.747
45.2406408959754,18.9462932985561,17.6971931160474,-0.295042125610284,8094.85
45.2699180488914,18.955298440212,17.6825415946422,-0.304022901481682,8094.952
45.2994131156082,18.9645403537634,17.6679413213797,-0.30249763507252,8095.055
45.328638694857,18.9735408457145,17.6534057951441,-0.2916387962852,8095.158
45.3582893726761,18.9822305807742,17.6383904718982,-0.273414782213738,8095.261
45.3883825959158,18.9904154622458,17.6227468361368,-0.252408915765898,8095.364
45.4180421732453,18.9978713384977,17.6069384476158,-0.236864781084661,8095.467
45.4480917135937,19.0050106967355,17.5906693658559,-0.228525665266155,8095.569
45.4779094045281,19.0119368760322,17.5744528314866,-0.228598715258189,8095.672
45.5079769910128,19.0189843778039,17.5581840569901,-0.234233805387825,8095.774
45.5383149830476,19.0263296637687,17.54197496477,-0.24423686264447,8095.878
45.5682718683223,19.033939429262,17.5262626305606,-0.257460805883793,8095.981
45.5978248655844,19.0418898177682,17.5111169425129,-0.272642697461789,8096.084
45.6278673851786,19.0504776064581,17.496121963141,-0.287899425437329,8096.187
45.6278673851786,19.0504776064581,17.496121963141,-0.287899425437329,8096.187
45.6572368993618,19.0593196949817,17.4818230529891,-0.299079637302844,8096.289
45.6864931122386,19.0684168801044,17.4678278119754,-0.30255029425475,8096.391
45.7156872207255,19.0774790977628,17.4538935019049,-0.295459524910246,8096.493
45.74526384443,19.086319819005,17.4395761059003,-0.28016843254137,8096.597
45.7750196069791,19.0946476203495,17.4248087865581,-0.259369372783993,8096.699
45.8049442630447,19.1023327710872,17.4095044665039,-0.238826715246397,8096.802
45.8347093521135,19.1093849498215,17.3938967385906,-0.223919117323568,8096.905
45.8648639021157,19.1161490861749,17.3778512637678,-0.21766301822044,8097.007
45.894747879673,19.1227665860093,17.3619273646221,-0.220060193471332,8097.11
45.9248958464601,19.1295920964566,17.3460108242995,-0.228802889295261,8097.213
45.9549715977184,19.1367400752451,17.33041807387,-0.242380024141937,8097.316
45.9852255848556,19.1444120703153,17.3151236577554,-0.259653587521993,8097.419
46.014758863683,19.1524660636978,17.3006449386341,-0.278259663402727,8097.522
46.0444401439117,19.1611288630635,17.2865494414057,-0.293019790938834,8097.624
46.0740163422783,19.170152784866,17.2728328086747,-0.300184039049806,8097.728
46.1035299091378,19.1792736947947,17.2592742654167,-0.297243471214966,8097.83
46.1327720048034,19.1881085376909,17.2457368058973,-0.285549826882004,8097.933
46.1627223612787,19.1966854035592,17.2315712802262,-0.266901701374769,8098.036
46.1922623118779,19.2045096492207,17.2171783465793,-0.245102739711291,8098.139
46.2222414434311,19.2117866404902,17.2021277194045,-0.22629899738989,8098.242
46.2523189763939,19.2185517843859,17.1866764390054,-0.212623498865153,8098.344
46.2822523165487,19.2249721527826,17.1711105491636,-0.208735055754802,8098.447
46.3124665255137,19.2314316762245,17.155424142716,-0.213881665027834,8098.55
46.3426480512031,19.2381224859524,17.1399718064818,-0.225800705019339,8098.653
46.3730175036824,19.2453007808531,17.1247949761216,-0.243445256540101,8098.756
46.4029504808893,19.2529693550833,17.1103179842762,-0.263852545679693,8098.859
46.4324278952182,19.261159811258,17.0965772124979,-0.282788954985047,8098.962
46.4623708725894,19.2700055643783,17.0830545790676,-0.293817511769944,8099.065
46.4919456387114,19.2790160060117,17.0699470590322,-0.297394913783865,8099.168
46.5212349158693,19.287946072859,17.0570162868759,-0.291918514783028,8099.27
46.5508524153895,19.2967191451627,17.0437949202343,-0.279917778316888,8099.373
46.5803054523334,19.3049989051933,17.0303604102348,-0.263185226844011,8099.476
46.6101918364934,19.3128286435666,17.0163460597629,-0.244835630263982,8099.578
46.6399188683475,19.3200624518206,17.0020357234445,-0.22843338301098,8099.681
46.6700435268433,19.3268911588069,16.987201591485,-0.215395203242507,8099.784
46.7002481364539,19.3334149566523,16.972128964856,-0.209807978185418,8099.886
46.7002481364539,19.3334149566523,16.972128964856,-0.209807978185418,8099.886
46.730473299327,19.3398467230993,16.9570165039015,-0.210899496341082,8099.99
46.7609588580967,19.3464330021041,16.9418919050094,-0.217380310024367,8100.093
46.7908269431622,19.3531302881967,16.927300559197,-0.226686000921285,8100.195
46.8206256042103,19.3601144767218,16.9130141677519,-0.23621858821735,8100.297
46.8506488650981,19.367437645008,16.8988804450805,-0.243642057125101,8100.4
46.880615793192,19.3749444521081,16.8849672971219,-0.247898067354085,8100.503
46.910270244364,19.3824782723227,16.8713234526777,-0.250453001547233,8100.606
46.9404756065799,19.3902255581454,16.8575276881647,-0.25222529725296,8100.709
46.9703771966138,19.3979487337796,16.8439573095961,-0.254226563794448,8100.812
46.9999694771711,19.405655885213,16.8306209563775,-0.255893957007805,8100.915
47.0298553452317,19.4134811768036,16.8172297718893,-0.256173776577891,8101.017
47.0597659458544,19.4213088088964,16.8038705297024,-0.255140475879437,8101.12
47.0893955191615,19.429021078868,16.7906504815733,-0.253250321948748,8101.222
47.1190450464467,19.4366671831153,16.7774123905729,-0.250321307815907,8101.325
47.1490146371161,19.4442943612579,16.7639998063132,-0.246907286600288,8101.427
47.1793046474502,19.4518868180096,16.7504016449912,-0.24300512696556,8101.532
47.2093247629139,19.4592964465308,16.7368826714618,-0.239953721499107,8101.635
47.2396636476736,19.4666830176042,16.7231887930393,-0.236505946857024,8101.738
47.2696981067609,19.473863959888,16.7095773410392,-0.231284915256721,8101.841
47.299460222739,19.4807934454322,16.6959908366541,-0.224269784278166,8101.944
47.329572090803,19.4875708923263,16.6821098684878,-0.216302992585641,8102.047
47.3600546585367,19.494129973739,16.6678708024454,-0.204252246212617,8102.15
47.3906372888668,19.5002409069838,16.6532673107933,-0.185065307301688,8102.254
47.4207525875932,19.5056184455977,16.6384347554373,-0.162324609286288,8102.356
47.4509865216802,19.5102967503876,16.6230271327984,-0.138436414475734,8102.458
47.4816209846129,19.5142825640445,16.6068711286573,-0.11475486754172,8102.561
47.5120327810651,19.5175746257237,16.590355872907,-0.096603274654708,8102.664
47.5430918837643,19.5204188862472,16.5731263334439,-0.081877164299412,8102.767
47.5738945138912,19.5227663960319,16.5557096880291,-0.065515642130688,8102.87
47.6044309276585,19.5245709401064,16.5380736275252,-0.050303100545885,8102.973
47.635298483149,19.5260733599723,16.5200328460619,-0.04816424775216,8103.075
47.6661716414962,19.5276470242754,16.5020825947281,-0.058030537976681,8103.178
47.697010439016,19.5296276209959,16.4845114802595,-0.076644684221998,8103.281
47.7275034244282,19.5322117614601,16.4676677702098,-0.097939974655193,8103.384
47.7582408851941,19.535442853431,16.4512219545082,-0.114968173143782,8103.487
47.7582408851941,19.535442853431,16.4512219545082,-0.114968173143782,8103.487
47.7889311033587,19.5391280534794,16.435204682509,-0.12681230032635,8103.59
47.8195805881432,19.5431349026729,16.4195087537361,-0.132460854090382,8103.692
47.8502128921026,19.5471918767324,16.4039061807448,-0.127460976880828,8103.795
47.8808680412609,19.5509915594694,16.3881295470362,-0.114356383561081,8103.899
47.9118757262117,19.554361906577,16.3718407223751,-0.097676816579208,8104.002
47.942329729835,19.5571773004604,16.3554925867828,-0.084262203150123,8104.105
47.9731153936233,19.559643063285,16.3387060953266,-0.071778254309452,8104.208
48.004224669112,19.5617375413554,16.3214692888795,-0.060084611688597,8104.311
48.0347733528104,19.5634965046165,16.3043464416291,-0.054943392538048,8104.413
48.0656511805328,19.5652173608225,16.2870337765946,-0.059159529266214,8104.516
48.0962142132499,19.567131931039,16.2701058577936,-0.069668254097626,8104.618
48.1270555302927,19.5694076973615,16.253338939175,-0.080386642128926,8104.722
48.1578659304424,19.5720235764267,16.2369041091436,-0.092828851162443,8104.824
48.1889400894769,19.5750632801758,16.2206927772568,-0.105712235518043,8104.929
48.2196789382537,19.5784561677074,16.2050089756279,-0.117230995181048,8105.031
48.2503535022466,19.58213586374,16.1896375735666,-0.122514426120229,8105.134
48.2810377522556,19.5859000242456,16.1743726743473,-0.120461376040351,8105.237
48.3113644280429,19.5895113688238,16.1592419584403,-0.114957563410746,8105.34
48.3420469646339,19.5929937586155,16.1438400628092,-0.109502748879878,8105.443
48.3727905936714,19.5963464731597,16.1283418812982,-0.106693246798715,8105.545
48.4038093981979,19.5995546498208,16.1126090979849,-0.096833059127015,8105.649
48.4342670408805,19.6023913461755,16.0969513777786,-0.08624718778982,8105.751
48.4653747224357,19.6050570240524,16.0808163963445,-0.084260413805922,8105.855
48.4958859049253,19.6077223805035,16.0650751685432,-0.092211916705567,8105.958
48.5266632274691,19.6106857918143,16.0494631522642,-0.102297165534627,8106.061
48.5574068929723,19.6139335962318,16.0341461931927,-0.109396114382815,8106.164
48.5883952829146,19.6173484232523,16.0188676704193,-0.11090233510974,8106.267
48.6187901670957,19.6207520893747,16.0039707627139,-0.112463165220977,8106.369
48.6492046611403,19.624185865929,15.9891316679746,-0.111791057870548,8106.472
48.6798986959779,19.6276075769938,15.9741660631845,-0.108925221729443,8106.575
48.7106245652719,19.6309292621379,15.959146105264,-0.106485904342266,8106.677
48.7413583370052,19.6342256617919,15.9441466708054,-0.109630046144593,8106.78
48.7720838530383,19.6377062400171,15.9293486883389,-0.119612081127114,8106.883
48.802476415709,19.6414988033211,15.9150434134346,-0.131523020457227,8106.986
48.802476415709,19.6414988033211,15.9150434134346,-0.131523020457227,8106.986
48.8333977498226,19.6456935516087,15.9008126371404,-0.138060918045157,8107.089
48.8637176153261,19.6498925522344,15.8869763787566,-0.133523887347035,8107.192
48.8944032047922,19.6538687465828,15.8727959793384,-0.118164879174581,8107.294
48.9251330427681,19.6572739472324,15.858167695266,-0.095483273297782,8107.397
48.9556299230205,19.6599273380819,15.8430976800071,-0.072945388585641,8107.5
48.9864789659843,19.6619354300897,15.8273410127208,-0.050300085205758,8107.603
49.0173700746517,19.6632047042334,15.8109945363342,-0.024887549227477,8107.705
49.0486004556172,19.6636655185428,15.7938320864799,0.003495774039419,8107.809
49.0792161351778,19.6632256811126,15.7763105121732,0.032308009626751,8107.911
49.1097977364118,19.6619542253301,15.7581581141067,0.054680569069901,8108.014
49.1406352811654,19.66009491288,15.7394135406511,0.067440231637887,8108.116
49.1714384958648,19.6579357522404,15.7204771551704,0.073410338765962,8108.219
49.2019018707865,19.6556357152848,15.7016499028777,0.079299412109709,8108.321
49.2323279761697,19.6531474551315,15.6827233983028,0.085806384817516,8108.424
49.2630513576947,19.6504284481469,15.6634770109267,0.092698167478616,8108.527
49.2940959456397,19.6474383656342,15.6438645911514,0.102474796673539,8108.63
49.3245221371617,19.6441698245355,15.6243969464776,0.115313013981888,8108.732
49.3548892490794,19.6405295489619,15.6046865226074,0.126037581766494,8108.835
49.3858388939802,19.63659593462,15.584446991877,0.125374662985911,8108.938
49.4168225889892,19.6328306444585,15.5643661533301,0.112314777934696,8109.042
49.4478581383952,19.6295779665854,15.544723813326,0.089998280135871,8109.146
49.4786638440686,19.627028562277,15.5258346992341,0.069428682854578,8109.249
49.5092176479646,19.62505113235,15.5076014312094,0.056070593510917,8109.352
49.5400887295679,19.6233009618671,15.4894269951317,0.058054220922391,8109.455
49.5709070857075,19.6214152203569,15.4712072340381,0.06537572149312,8109.557
49.6014210460385,19.6194611863495,15.4531337611761,0.060711941543068,8109.66
49.6325866848878,19.6177042904011,15.4349165941165,0.050500430164608,8109.764
49.6634598993212,19.6161278186609,15.4170499636018,0.05324143417943,8109.867
49.6942919504437,19.614386168344,15.3991069162369,0.059875527251266,8109.969
49.7248198156001,19.6126017211191,15.381330574368,0.054069031564835,8110.072
49.7559847080509,19.6108363962416,15.3632726278951,0.041885999415922,8110.175
49.7868744134305,19.6095431101205,15.3458030774367,0.033680452571303,8110.278
49.8177690917396,19.6084785405628,15.3285675972577,0.038550904526987,8110.381
49.8483485440158,19.6071704329651,15.3113340463407,0.048662843904778,8110.483
49.8789087869289,19.6056189731708,15.2939453159553,0.051224659875266,8110.585
49.9097673234815,19.6041056891409,15.2939453159553,0.051224659875266,8110.688
49.9097673234815,19.6041056891409,15.2764743892877,0.042556205659933,8110.688
49.9409523848635,19.6029193530143,15.2591543009555,0.034409828853762,8110.793
49.9718424139474,19.6018241063549,15.2421098420042,0.040749150353861,8110.895
50.0027009377503,19.6004015813943,15.2248457387588,0.057648373798026,8110.998
50.0335294116847,19.5983634187211,15.2071137222721,0.081893962661749,8111.101
50.0639844871441,19.5956052120961,15.1890001764723,0.099476224668493,8111.204
50.094711137874,19.5924812395938,15.1704732419414,0.100852104396341,8111.306
50.1254651983494,19.5894529121346,15.1520545832212,0.090385924777984,8111.41
50.1565638429666,19.5868362186213,15.1338535718718,0.070244793074525,8111.513
50.1874101242589,19.5849497325881,15.1164517311898,0.043015736090151,8111.616
50.2186072373888,19.583874408999,15.0996124051443,0.02239045972394,8111.72
50.2494974277016,19.5832819464362,15.083390712959,0.016794670810864,8111.823
50.2803643692415,19.582602214378,15.0671514281632,0.024737607817672,8111.926
50.3112371522638,19.5816475605651,15.0507176956474,0.04301180752897,8112.03
50.3421031540243,19.580032116418,15.0337619063526,0.068979023750536,8112.133
50.373206348355,19.5776091376899,15.0160330867005,0.092083882583193,8112.236
50.4036774137339,19.5746867976004,14.9982322291951,0.099659938063917,8112.339
50.4347436689645,19.5716552730713,14.9800811360802,0.092193325535081,8112.442
50.4655348744529,19.5689921886179,14.9624295900663,0.075216399384898,8112.545
50.4960866021473,19.5667732436914,14.9453255464391,0.067534296376531,8112.648
50.5269365300794,19.5646374630256,14.928189558611,0.071427891285944,8112.75
50.557501155514,19.5625275211825,14.9112611655086,0.064554794909649,8112.853
50.5883898960798,19.5606703840943,14.8944373752971,0.053000393370924,8112.956
50.619537620455,19.5590250884122,14.877716674659,0.052412010230737,8113.059
50.6507001825571,19.5573603382186,14.8610184032162,0.056779391861816,8113.163
50.6815035906732,19.5554547952312,14.8443315237445,0.071614584086522,8113.266
50.7119753908286,19.5530325738999,14.8273993601787,0.09372036284305,8113.369
50.7426771006078,19.5498292867954,14.8097161582196,0.121780807324529,8113.471
50.772978661596,19.5457862896805,14.7915337936506,0.147547612891531,8113.574
50.8035297679717,19.5411240308771,14.772729362642,0.156560916478505,8113.677
50.8340717561634,19.536266152677,14.753798419657,0.157179250556531,8113.779
50.8643251418201,19.5315619743885,14.735181048909,0.147270044384028,8113.881
50.8949247014994,19.5271884306252,14.716729457768,0.132420040779665,8113.984
50.9255943233408,19.5232634400801,14.69868109276,0.120468726392406,8114.087
50.9255943233408,19.5232634400801,14.69868109276,0.120468726392406,8114.087
50.9560061809936,19.5196609076333,14.6810817456058,0.113133526037892,8114.189
50.9867344163204,19.51627179637,14.6635639902377,0.101381041763688,8114.293
51.0177997072271,19.5133199810975,14.6463177696489,0.080746715606265,8114.396
51.0483360562856,19.5110833013334,14.6299974626268,0.064042798977333,8114.499
51.0794701659648,19.5091458142614,14.6137081667793,0.062944979940812,8114.602
51.1102774385301,19.5071052613605,14.5975283951095,0.074659882029468,8114.705
51.1407503315169,19.5046161824846,14.5811540083476,0.09543074864798,8114.807
51.1717542066016,19.501351335793,14.5638919828641,0.121590218151321,8114.911
51.2020406800843,19.497414779815,14.5464110534465,0.137317326666868,8115.013
51.2329408944305,19.4931122696938,14.5283662035203,0.136430501682576,8115.117
51.2635671417082,19.4889185682692,14.5105882020896,0.137997036607749,8115.221
51.294149719519,19.4845569674286,14.4927248756058,0.150493091708774,8115.323
51.3243619327256,19.4797491037948,14.4746765322032,0.171940101066496,8115.425
51.3550426557067,19.4740944935391,14.4557032587125,0.200652486831031,8115.529
51.3852513207316,19.4676129321256,14.4362481329902,0.22927790563555,8115.632
51.4149850650221,19.4604892815903,14.4164736795485,0.242290825372168,8115.734
51.4449704054421,19.4530868431682,14.3963749184785,0.239707993692904,8115.838
51.4749499226045,19.4456895715227,14.376321638651,0.246965729427932,8115.94
51.50485977954,19.437977013799,14.3560556766426,0.261868465665588,8116.043
51.5346337843692,19.429721594365,14.3354018082581,0.28515675420577,8116.147
51.5641836557188,19.4207032661341,14.3142003401842,0.31439346041503,8116.249
51.5937915043548,19.4109379483751,14.2923384943314,0.325109939268997,8116.353
51.6227792380564,19.4012250043285,14.2708314761595,0.319907242724154,8116.455
51.6518895320392,19.3917615651544,14.2495279149965,0.303885086373066,8116.558
51.6817424997755,19.3826813995735,14.2282777903757,0.279235031827007,8116.661
51.7112430629371,19.3745555993977,14.2080769085361,0.249040799322196,8116.764
51.7412815531208,19.3673021565702,14.1884649514019,0.216907660117043,8116.866
51.7715170060248,19.360887627864,14.1695640113185,0.196139794754267,8116.97
51.8018652862335,19.3550328333136,14.1511615395025,0.179312093978715,8117.073
51.8323193500119,19.3497456393519,14.1332696452095,0.160455283331043,8117.175
51.8628541613827,19.3449612237544,14.1158424691191,0.144306995652602,8117.278
51.893177160856,19.3407867548341,14.0991035156459,0.127261376617119,8117.381
51.9238243837057,19.3369056674396,14.0825389260502,0.126947088911873,8117.483
51.9541517856717,19.3329250608594,14.0660679316857,0.139293913498134,8117.586
51.9541517856717,19.3329250608594,14.0660679316857,0.139293913498134,8117.586
51.9850124092022,19.3283680366634,14.0488966893702,0.161072525107365,8117.689
52.0151657909366,19.323164176729,14.0314838952934,0.189071518671059,8117.791
52.0451518863365,19.3170617964246,14.0133702358267,0.221269615803032,8117.894
52.0752060090123,19.3099340338174,13.994339667949,0.246724775885918,8117.997
52.1051222444531,19.3022745241056,13.9749250206599,0.252913022255592,8118.099
52.1350521842518,19.2945912769118,13.9555244182366,0.244855626410084,8118.203
52.1650808504762,19.287271619807,13.9364558845397,0.226340671134539,8118.305
52.1949604891275,19.2806470660292,13.9181248580888,0.202644269605035,8118.408
52.2252882008635,19.2746700007071,13.900244647706,0.182061495309444,8118.51
52.2557240500337,19.2693006392461,13.8829212062431,0.159349252695248,8118.613
52.2862813316476,19.2646978520868,13.8662964522784,0.130264921457495,8118.716
52.316971112957,19.2609411020538,13.8504411678117,0.111502740092588,8118.819
52.3474240411398,19.2576278055158,13.8351380736575,0.104066554250419,8118.922
52.3781853251498,19.2545436997446,13.8199725296264,0.090350537804919,8119.024
52.4086872705932,19.2520092631964,13.8054670449067,0.068056723566526,8119.127
52.4395640419679,19.2500632008396,13.7914056506284,0.05735838455066,8119.229
52.4700998529191,19.2482779566729,13.7776817512454,0.06234430141449,8119.332
52.5009034333296,19.2461862042804,13.763625064095,0.078535033040488,8119.434
52.531374200548,19.2435127340811,13.7492181596658,0.102748303340297,8119.537
52.5620733062252,19.2399982677238,13.7340007315933,0.133238847249494,8119.639
52.5923499064557,19.2355476145333,13.7181367899872,0.167410147931901,8119.742
52.6227591937307,19.2301081723773,13.7013594198853,0.192847545981259,8119.845
52.6530261062647,19.2239227622903,13.6839971822173,0.216407095843329,8119.947
52.683455773867,19.2171480180083,13.6660759406794,0.22292513473383,8120.051
52.7136318476801,19.2104040350724,13.6483273694221,0.214320367708959,8120.154
52.743579895146,19.2040885563108,13.6311087885868,0.195857523477998,8120.257
52.7739437781212,19.1983531258593,13.6143175392917,0.169673428232012,8120.36
52.8047503053576,19.1934313826146,13.5981637385686,0.137556019534431,8120.463
52.8351058930698,19.1896071322989,13.5832488781157,0.102508803204797,8120.565
52.8658836493965,19.1868429245063,13.5692137363633,0.068812177023546,8120.669
52.8967314642598,19.1848840452546,13.5559568280831,0.05617617150899,8120.771
52.9272857414207,19.1831562270842,13.5430803417243,0.059329768233884,8120.874
52.9584131839492,19.1811576802565,13.5297991014638,0.07433866765499,8120.977
52.9889120102982,19.1786488258986,13.5163303549516,0.097564950452634,8121.08
53.0196284329247,19.1753209560673,13.5020753083104,0.12725246952914,8121.182
53.0499284345896,19.1711582857621,13.4872472889137,0.160766204959043,8121.284
53.0800621061703,19.1658883156167,13.4714983199761,0.18936863002988,8121.386
53.0800621061703,19.1658883156167,13.4714983199761,0.18936863002988,8121.386
53.110365693547,19.1598871071175,13.4550567208525,0.208382983938017,8121.489
53.1402282302468,19.1533245233743,13.4382977275826,0.225383398897504,8121.592
53.1703248730463,19.1463679835858,13.4211362130142,0.226247950607561,8121.694
53.2004647135391,19.1395350442063,13.4041244563075,0.214114901211559,8121.797
53.2306991875147,19.133176595983,13.3875739105986,0.19279843573402,8121.9
53.2610748294994,19.1275439147343,13.3717056748497,0.164607501884157,8122.003
53.2913073240929,19.122867770271,13.35683707251,0.131982754529351,8122.106
53.3222821332263,19.1190905470737,13.342610882503,0.10822624628172,8122.209
53.3530222975565,19.1158606498295,13.3290371294972,0.102778733782749,8122.312
53.3834452376144,19.1126685789561,13.3156646982136,0.110777746351204,8122.415
53.4144215011769,19.1090337309645,13.3017454341942,0.129323147894307,8122.518
53.4447247987411,19.1048140380746,13.2875600856804,0.155192280236063,8122.62
53.4754916013993,19.0996407133588,13.2723764079604,0.18648241664243,8122.724
53.5054950722457,19.0937271941282,13.2568041927078,0.204085086663214,8122.827
53.5357223850879,19.0874302800929,13.2408484719864,0.2044922305577,8122.93
53.5663019047452,19.0812123184647,13.2249044732915,0.191945766175457,8123.033
53.5966822814986,19.0755439376887,13.2095994322574,0.170193785520083,8123.136
53.6268896933217,19.0706585910332,13.1951458031014,0.141976386565197,8123.238
53.6575251047474,19.0666483750322,13.1814376078236,0.108475086919041,8123.341
53.6882798343458,19.0635140320709,13.1685790222545,0.090494116485942,8123.444
53.7190561668113,19.0607733988016,13.1561468286577,0.085806949839341,8123.547
53.7495382749267,19.0582013241642,13.1440285310741,0.080950479142718,8123.649
53.7800461983277,19.055874052121,13.1321945723969,0.067583568096417,8123.751
53.8108913098379,19.054032914943,13.1207777421365,0.046418001463095,8123.854
53.8414288449349,19.0526607794357,13.1099651009114,0.042670038452454,8123.957
53.8722913669482,19.0512365653128,13.0990651476397,0.052815406425154,8124.059
53.9028349969394,19.0494157270137,13.0879490990877,0.072246287487209,8124.162
53.9336224592505,19.046901754675,13.0761607390014,0.095177561786649,8124.264
53.9643600039004,19.043863215045,13.0639497839616,0.106232038579977,8124.368
53.9950570330775,19.0403774872921,13.0513860570564,0.125937965694765,8124.471
54.0256614956102,19.0362277826474,13.0382771727797,0.146441589563878,8124.573
54.0559099828044,19.0317006716482,13.0249731463653,0.149601151106601,8124.675
54.0861963048048,19.0272116830616,13.0117527316143,0.144616105732309,8124.777
54.1167593912036,19.0227526612813,12.9985388814597,0.14819435397312,8124.88
54.1469715603333,19.0181205719018,12.9853210968181,0.156579275304165,8124.983
54.1775129855088,19.013289931973,12.9718769670086,0.154608731689146,8125.086
54.1775129855088,19.013289931973,12.9718769670086,0.154608731689146,8125.086
54.2081028799559,19.0086383273233,12.9586504001093,0.141921288226109,8125.189
54.2387546982248,19.0044708364033,12.9459309519908,0.120773923208067,8125.292
54.2697871856603,19.0010109403513,12.9338448226041,0.092383630259737,8125.395
54.3002870909757,18.9985299863097,12.9229115800861,0.059516924354671,8125.497
54.3308647275071,18.9970522513016,12.9129839644185,0.033690307973701,8125.599
54.3614710631439,18.9961463024755,12.9036631889604,0.02686426243761,8125.701
54.3926565885344,18.995260919456,12.8942701675575,0.03450263081739,8125.805
54.4232190959211,18.9940353459038,12.8847869185129,0.052086660671846,8125.907
54.4540556805588,18.9921567577879,12.8746667290389,0.077515931908524,8126.01
54.4845303430902,18.9894971406575,12.8639563009046,0.10213092824807,8126.112
54.5155186806113,18.9861127287568,12.8524750228011,0.116083163162204,8126.216
54.5459156570654,18.9825050471425,12.8409985908352,0.120851844472896,8126.319
54.5769169311878,18.9787731574389,12.8293079739353,0.114932014795173,8126.422
54.6076608158389,18.9753933358796,12.8180892558796,0.097869653771976,8126.526
54.638757261558,18.9726099327178,12.8074219810097,0.072589462396944,8126.629
54.6693127485484,18.9706775835201,12.7977822800983,0.04201433122989,8126.731
54.702053784405,18.9695465092894,12.7884358190441,0.023442641663316,8126.84
54.7329796864728,18.9688467373743,12.7800353919684,0.023002761751484,8126.943
54.7638663530622,18.9679959443356,12.7715676611128,0.035859822773746,8127.046
54.7944348602558,18.9666524592676,12.7627689878601,0.057652976001504,8127.149
54.8252644226217,18.9645424591975,12.7532307536885,0.08637832785043,8127.252
54.8563152511079,18.9614638407742,12.7427668937794,0.119833854241999,8127.355
54.8866479284124,18.9573994442294,12.7315838277057,0.155598154350122,8127.457
54.9168087701173,18.952253682223,12.7194539915156,0.190122124569227,8127.56
54.9473984674149,18.946191861374,12.7063954430814,0.203660263319197,8127.663
54.9776552537911,18.9399566507084,12.6933082758198,0.200846402287787,8127.766
55.0079724289972,18.9339322607765,12.6804742687921,0.18627977581441,8127.869
55.0386913788994,18.9283867650407,12.6680780373875,0.168030425513793,8127.973
55.068884204502,18.9233300877412,12.6563410990937,0.16498621936993,8128.075
55.0996269420694,18.9181194788187,12.6443950669366,0.174863476899072,8128.179
55.1296968735487,18.9126182131296,12.6323792336007,0.188347744250162,8128.281
55.1603076104076,18.906689387952,12.6198908757831,0.198129385540347,8128.385
55.1902672562167,18.9005065885748,12.6073597023703,0.214696018934577,8128.487
55.1902672562167,18.9005065885748,12.6073597023703,0.214696018934577,8128.487
55.2201034629013,18.893745614492,12.594351889892,0.236054467537609,8128.59
55.2500771969564,18.8862825051314,12.5806896776032,0.255353127399878,8128.692
55.2799094607206,18.8782955738684,12.5666059202778,0.269342969822943,8128.795
55.3099505783861,18.8698741747824,12.5521140348278,0.276367766268893,8128.899
55.339404329063,18.8615007508338,12.5378504051195,0.272768413652241,8129.002
55.3692129963067,18.853288037626,12.5237307577222,0.258212786708337,8129.105
55.3991405531838,18.8455379590674,12.5101009519431,0.247440138320949,8129.207
55.4287929716975,18.8380410171389,12.4968354824257,0.250627996967083,8129.31
55.4586786508728,18.8302341352871,12.4832811409234,0.26546459755769,8129.412
55.4880870153834,18.8217871522923,12.4692533635353,0.288597472878803,8129.515
55.5177233656005,18.8120494697412,12.4539744955695,0.318150154824996,8129.618
55.5469141336271,18.8010093812226,12.4375610519168,0.350350820914191,8129.722
55.5752933260447,18.7895643466971,12.4209591216868,0.384187983884731,8129.824
55.6034589023621,18.7776242147886,12.4039637147161,0.420594376512648,8129.927
55.6316835870793,18.7650959312368,12.3864315528001,0.452837720999573,8130.029
55.6597544383205,18.7516584725441,12.3680856194749,0.469008852915258,8130.133
55.6870446487218,18.7379567643405,12.3496714143357,0.468065741495511,8130.236
55.7145074729288,18.7238162286925,12.3308427817448,0.454700704160062,8130.338
55.7419861278639,18.7096506004156,12.3120353648748,0.432330539604881,8130.442
55.7698280513143,18.6954611004104,12.2931901646192,0.403104757740823,8130.545
55.7974102356793,18.6820662577459,12.2752230893793,0.372002801895578,8130.647
55.8254059907908,18.6695716527951,12.2581231637735,0.348056003236727,8130.749
55.8544678170516,18.6583407785207,12.2421428557929,0.340786814691709,8130.853
55.883139813045,18.6478020084674,12.2269682052773,0.334215261614932,8130.955
55.9120172986429,18.6377138679283,12.2122620475649,0.335390586724254,8131.058
55.9413866415936,18.6282983751107,12.1981993065817,0.348539251796396,8131.161
55.9708613460416,18.6190993215796,12.1843953156364,0.369898617309508,8131.263
56.0001619075339,18.6093565792631,12.1701443754341,0.391013644183926,8131.366
56.0285173655938,18.5978242459323,12.1543333846317,0.394257342484856,8131.469
56.0570158860541,18.5859177226348,12.1381873496318,0.385715075759366,8131.571
56.0853488768563,18.5742936123715,12.1224026128782,0.376493465155696,8131.673
56.1138170382062,18.5630283293042,12.1070095649817,0.371118134791613,8131.776
56.1425862127029,18.5517623044362,12.0916297050215,0.376047581399013,8131.878
56.1709709433812,18.5403825048475,12.0762520705693,0.391890945181288,8131.981
56.199476870549,18.5284390962076,12.0603572679355,0.41012274528889,8132.083
56.2274861909415,18.5160964364791,12.0441948228129,0.418922780065628,8132.186
56.2556769474615,18.5034660940909,12.0277786451702,0.419932425957649,8132.288
56.2556769474615,18.5034660940909,12.0277786451702,0.419932425957649,8132.288
56.2834549117164,18.4911296489253,12.0117665580358,0.410441641401215,8132.39
56.3112922658275,18.4793689066452,11.9963727608642,0.390487384326455,8132.493
56.3403154499002,18.4687361999787,11.9819983014315,0.366011964757595,8132.596
56.3700173760513,18.4581559954488,11.9676511151676,0.348813640127401,8132.7
56.3987869711853,18.4477292003696,11.9536398894963,0.348974032143988,8132.803
56.428037825852,18.4369483082021,11.9392795470589,0.36184284158849,8132.906
56.4565245867937,18.4258268403999,11.9247384781691,0.383515186596707,8133.008
56.4846599505624,18.4138309618431,11.9094320969042,0.411885674759418,8133.11
56.5123273980432,18.4007848207146,11.8931966595816,0.445174603934244,8133.212
56.5394045871322,18.3865432208837,11.8758984396108,0.482091926885444,8133.315
56.566571717471,18.3705998278577,11.8569528907903,0.522945312124473,8133.419
56.5925273145948,18.3537900566584,11.8373346144275,0.560046726196924,8133.522
56.6179832503811,18.336676651061,11.8175174899755,0.588458246831435,8133.624
56.6432581273624,18.3188054189787,11.7970128222427,0.619109412101647,8133.727
56.6681746237692,18.3003907131849,11.7760511598964,0.63715358696565,8133.83
56.6933091157175,18.2816462412576,11.7547832195498,0.646580346663734,8133.933
56.7177653496508,18.2632171459921,11.7339431564575,0.642515244437051,8134.036
56.7426094407505,18.2447933369909,11.7131126710961,0.627061617879523,8134.138
56.7674481450311,18.2268762510044,11.6928317195828,0.603454584237275,8134.241
56.7929199412884,18.2093385420821,11.6729129189369,0.573845190179156,8134.344
56.8192117478789,18.1924372035244,11.6535989322052,0.560054143180936,8134.447
56.8453817115301,18.1760044198228,11.6348145888234,0.562226020601135,8134.55
56.8711458919048,18.1595877145969,11.6161343717976,0.576272655473585,8134.652
56.8972490227736,18.1425323146343,11.5968386822678,0.59963513986435,8134.756
56.9226202257324,18.1254480296198,11.5776284299804,0.628796798201007,8134.858
56.947501936966,18.107673713921,11.5578203092837,0.662628780554415,8134.96
56.9712847727387,18.0884845330649,11.5367383967491,0.699997256015978,8135.063
56.9944769592868,18.0676868169216,11.5141424824176,0.738219384437301,8135.166
57.0169806516946,18.0465787880228,11.4913306924229,0.765806351523299,8135.269
57.0387947441639,18.0251854565047,11.4683244208756,0.790316759829553,8135.372
57.0603996809082,18.0031565436653,11.4447351648001,0.813761925285515,8135.474
57.081341514812,17.9809008481163,11.4210024523546,0.841487624813579,8135.577
57.1021018966315,17.9576713184867,11.3963437360661,0.874860232745656,8135.68
57.1218242204179,17.9343373156125,11.3716845801279,0.911363057619929,8135.783
57.1412354943171,17.9099708516253,11.3460450795351,0.951450011699328,8135.886
57.1592773361993,17.8853162082051,11.3460450795351,0.951450011699328,8135.988
57.1592773361993,17.8853162082051,11.3202364269164,0.991829807039265,8135.988
57.17636654543,17.8596237426414,11.293477646251,1.03215498496436,8136.091
57.1926315950631,17.8337224879987,11.2665839017658,1.07292377708571,8136.194
57.2083379001907,17.8070616067068,11.2389857545494,1.11111673145119,8136.296
57.2227323754448,17.7793854144951,11.2104720124479,1.13634787232856,8136.4
57.2358908583106,17.7514536139068,11.1817918917454,1.14246669606145,8136.503
57.2484499473074,17.7235378049151,11.1531749975373,1.13458168221021,8136.605
57.2612151737484,17.695352775394,11.1242879330196,1.11626546632629,8136.709
57.2745787392894,17.6671095955204,11.0953196064707,1.09000118637891,8136.812
57.2885448467715,17.6394756936469,11.0669381317493,1.05832611472183,8136.915
57.3034858568048,17.6123393650349,11.0390137459781,1.02257130119469,8137.019
57.319487150282,17.5858145671104,11.0116594308015,0.988294051963514,8137.121
57.3363968656356,17.5602196440488,10.985205487128,0.968805657425262,8137.223
57.3539583647422,17.5347708153582,10.9588863713818,0.966781207233144,8137.327
57.3713675221827,17.5093183097443,10.9325951766119,0.977998996220013,8137.43
57.3884606378514,17.4832896814972,10.9057674370621,0.998513141270238,8137.533
57.4046999431077,17.4574214589498,10.8791625281516,1.02542421091933,8137.635
57.4204334917469,17.4312383518556,10.8522865962776,1.05743975162222,8137.738
57.4355458784878,17.4043545685889,10.8247573390159,1.07507373414696,8137.841
57.4501698327597,17.3771713678282,10.7969676252916,1.08476708045232,8137.943
57.4646170820598,17.3498827851189,10.7690966888171,1.08175218713148,8138.046
57.4792767563371,17.3226796882162,10.741319090432,1.06708254284404,8138.149
57.4942535582207,17.2960031098744,10.7140724140026,1.04414873480442,8138.251
57.5097731640085,17.2689346017594,10.6864318530041,1.01429005979192,8138.355
57.5249471447535,17.242314271752,10.6592713186927,0.982144418145364,8138.457
57.5413352678801,17.2164947097872,10.6328878251322,0.965009619133192,8138.559
57.5589831169956,17.1908029735843,10.6066128682492,0.964808992742336,8138.663
57.5770754638443,17.1658865727635,10.5811254385691,0.977980871115645,8138.765
57.5955138440013,17.1410139438676,10.5556997298143,0.999779917290865,8138.868
57.6137910694988,17.1159547144838,10.5301216698513,1.02775882216894,8138.971
57.6314488636589,17.0905284380883,10.5042223993335,1.05367826638885,8139.074
57.6475582061864,17.064184131345,10.4774714942328,1.06405766474571,8139.178
57.6624788641493,17.0368289602253,10.4497608602731,1.05876629841258,8139.281
57.676617713015,17.0096926727342,10.4223060157582,1.04249799169265,8139.383
57.6911281393369,16.9827169965326,10.3950214747931,1.01826529680813,8139.486
57.6911281393369,16.9827169965326,10.3950214747931,1.01826529680813,8139.486
57.7065013852087,16.9558608630377,10.3678581740916,0.988387320606726,8139.589
57.7231176775111,16.9297796589864,10.3414683869771,0.958987195238488,8139.691
57.7410101696153,16.9045443960547,10.3159286378375,0.940234843805888,8139.794
57.7591069525337,16.8798536168651,10.2909599245301,0.938854148401714,8139.896
57.7770978822541,16.8551186177812,10.2659789211754,0.950333849964821,8139.999
57.7949115884257,16.8295397539448,10.2401865078276,0.971585077814574,8140.102
57.8110660710768,16.8035741043931,10.2140532555995,0.99945425677518,8140.205
57.8262904320206,16.7766636398467,10.1870075784377,1.02182732808457,8140.307
57.8417171271679,16.7501803123578,10.1604097619311,1.02804697165128,8140.409
57.8580375688913,16.7241311217502,10.134264338721,1.01942698181244,8140.513
57.8754917471526,16.6987592458308,10.1088181460389,1.0004806894177,8140.615
57.8940098194414,16.6736472665954,10.0836599448311,0.973812973110804,8140.719
57.9130317789965,16.6496217693003,10.0596222261606,0.943053196706713,8140.821
57.9327186288313,16.6257367249377,10.0357624398129,0.91019376616151,8140.924
57.9532372973431,16.6025543770235,10.0126477325798,0.87410040742347,8141.027
57.9743913881381,16.5803617932786,9.99056930367168,0.835333847683919,8141.129
57.9960630048852,16.5578734283032,9.96824495703642,0.805767669096312,8141.233
58.017776901196,16.5362836210749,9.94686753361555,0.774653951254527,8141.335
58.0404706527112,16.5152829374786,9.92614043726069,0.738974025217194,8141.438
58.0638127113428,16.4950070369612,9.90620122713149,0.700097467679779,8141.541
58.0874704122251,16.4755598324431,9.88715272199372,0.659252361065763,8141.643
58.1120749350244,16.45631982299,9.86838898346081,0.61607517331037,8141.747
58.1372476512879,16.4383763613789,9.85099784033997,0.58872541696058,8141.85
58.1627304439136,16.4214379944892,9.8346858473856,0.579467691341615,8141.952
58.1889256489783,16.4045076506209,9.8184703463296,0.560451858968446,8142.056
58.2152193203543,16.3883038216654,9.80305649352184,0.534124174546482,8142.159
58.2417003758731,16.3729904651372,9.78861213759744,0.504849570766947,8142.261
58.2685290842941,16.3582889831886,9.77486638084476,0.492534777904136,8142.364
58.2960212206833,16.3435451294414,9.76118102356819,0.489927075019562,8142.467
58.3235217620309,16.3287936945673,9.74756907505746,0.490788738748287,8142.571
58.3505325921215,16.3144414806414,9.73441477825657,0.478987357382846,8142.674
58.3780220184142,16.3003666772857,9.72163903964047,0.45830343936641,8142.776
58.405547438198,16.287042830685,9.70969654127478,0.433139294157977,8142.878
58.4336880300478,16.2743119670957,9.69846108559742,0.410799168071286,8142.982
58.4620375654632,16.2620281407373,9.68776929065186,0.405992603698832,8143.085
58.4904033662908,16.2497407688142,9.67716176305286,0.410551167479852,8143.188
58.4904033662908,16.2497407688142,9.67716176305286,0.410551167479852,8143.188
58.518991508469,16.2372171209084,9.66641964924629,0.412990616478714,8143.291
58.5472780434959,16.2247640483011,9.65581698103056,0.418152583525936,8143.394
58.5751844072295,16.2122033393164,9.64516808556355,0.427693816855541,8143.497
58.6032483451956,16.1992486179821,9.63422297179732,0.44094119084979,8143.599
58.631362301088,16.1856871103532,9.62276336034665,0.46341216294801,8143.703
58.6588641971705,16.1715608113505,9.61078067419142,0.49233729605284,8143.806
58.6859241721381,16.1565986420578,9.59801374760065,0.526132733305003,8143.909
58.7124557778685,16.1407140366801,9.58436611810464,0.563609321858809,8144.012
58.7381259948313,16.1240139650702,9.56991196142724,0.60336572649304,8144.115
58.7632963860417,16.1060503496417,9.55423094651518,0.645521116578655,8144.218
58.7906767197186,16.084531296406,9.5352879360346,0.694750272239268,8144.334
58.8140189696293,16.0642534834555,9.51728581929837,0.739664921326001,8144.436
58.83608432277,16.0430262199387,9.49828073325534,0.784950468253831,8144.538
58.8571736615524,16.0204199570195,9.47786677005385,0.831275904749967,8144.641
58.8769835286084,15.9966868524781,9.4562579641835,0.878047930068391,8144.744
58.8952806190654,15.9721425058095,9.43373605193742,0.924640352476563,8144.847
58.9127499118078,15.9462710897035,9.40985207586454,0.966569434549834,8144.95
58.9293850894303,15.9205923422904,9.38611205018147,0.98644037975445,8145.052
58.9463249577099,15.8947364183635,9.3622694488672,0.988616990568105,8145.156
58.9635264882667,15.8690372006689,9.33865351283987,0.977361490395908,8145.259
58.9814651748774,15.843854061256,9.31567778575443,0.956644342750395,8145.362
59.0003757143467,15.8190133208981,9.29320214327395,0.928531396895741,8145.465
59.0199120409974,15.7950481275006,9.27172129479489,0.895487947252236,8145.568
59.0399111159613,15.771864411709,9.25112605064816,0.862347492771108,8145.671
59.0604876075333,15.7487829410876,9.23075981146976,0.842294739755456,8145.773
59.0811871093787,15.7258136662787,9.21057927549286,0.829143608992166,8145.876
59.102563592136,15.703062183636,9.19076222541445,0.813875674073093,8145.98
59.1235706881067,15.6808187587172,9.1714633248395,0.814752905375483,8146.082
59.1448267053156,15.6579917838855,9.15168137474067,0.828138012380884,8146.186
59.1448267053156,15.6579917838855,9.15168137474067,0.828138012380884,8146.186
59.1653037215624,15.6348529283685,9.13154707205653,0.850395483679381,8146.289
59.184963445332,15.6110077270817,9.11065926258906,0.879303119064811,8146.392
59.2037644347881,15.5864759883478,9.08902671476112,0.913141238795585,8146.495
59.2216338294486,15.5616397522431,9.06701180911235,0.940035609366009,8146.598
59.239704125872,15.5365771726305,9.04485246801703,0.948316108443606,8146.701
59.2577241472969,15.5114622768803,9.02268527296642,0.942366804491043,8146.803
59.2758469369219,15.4867903918812,9.00102311585566,0.92597917364129,8146.906
59.2947380428394,15.4623267177881,8.97973723638188,0.902202283972117,8147.008
59.3142076384498,15.4387069662303,8.9594315704789,0.873985692508651,8147.111
59.3343881316184,15.4152741423893,8.93948238086639,0.855369745548627,8147.214
59.3548889927441,15.3917355974902,8.9195433587981,0.854507595114614,8147.317
59.374889758105,15.3685717135097,8.89995636689498,0.866409989669924,8147.419
59.3944821872526,15.3450630441715,8.88002343869025,0.887423993879629,8147.522
59.4134249314242,15.3202894187721,8.8587944924776,0.908720618012761,8147.625
59.4318879999883,15.2958919254664,8.83791249687442,0.916408366903338,8147.728
59.4508095700187,15.2714082379957,8.81708246109794,0.909663727020022,8147.83
59.47027958639,15.2473732162355,8.79685076563752,0.892156078085688,8147.934
59.4903222056044,15.223813705136,8.77725226756765,0.872057988165776,8148.037
59.5103938062236,15.2003060164974,8.7577754043324,0.866112282875639,8148.14
59.5301798228626,15.1766013031429,8.73811790934101,0.874833394327943,8148.242
59.5495288459449,15.1525065584349,8.71806018561042,0.893852951159154,8148.345
59.5679920012779,15.1280965162391,8.69758757339735,0.919565552316479,8148.448
59.5856601677572,15.1027306083773,8.67608318359224,0.950471795623994,8148.55
59.6027290032531,15.0769597787692,8.65412143229461,0.977687593580998,8148.653
59.619662059858,15.0514325228528,8.63242635055229,0.986594854797028,8148.755
59.6366537454249,15.0256081218882,8.61050623033607,0.99175816845238,8148.859
59.6531168652351,14.9994090601818,8.58816727523014,1.00808341070167,8148.962
59.6684004311275,14.972239506618,8.56468979137579,1.03144914107873,8149.065
59.6827214053818,14.9452956160956,8.5412824571867,1.05362470339128,8149.168
59.6978640857148,14.918432895175,8.51817189767984,1.06049010116925,8149.271
59.7128839156889,14.8914610276111,8.49497766956425,1.06357759228579,8149.373
59.7279497872369,14.8644458067071,8.47179997621801,1.05311003619455,8149.476
59.743076297508,14.8374865062026,8.44873969195881,1.03295920452359,8149.579
59.7582243190005,14.8108839604534,8.4260824957144,1.00589041410339,8149.682
59.7742553734062,14.7841028560907,8.40349746911772,0.977495165156994,8149.785
59.7907573229794,14.7587053842645,8.38242183159811,0.956213662743917,8149.887
59.7907573229794,14.7587053842645,8.38242183159811,0.956213662743917,8149.887
59.808497868886,14.7330743473422,8.36145645115174,0.942991944637237,8149.99
59.826452634189,14.7083220099127,8.34145928214739,0.946125468530342,8150.092
59.8448236904058,14.6837899219015,8.3218374180724,0.961179167431113,8150.195
59.8638336050536,14.6593666057516,8.30253835728909,0.984778375766555,8150.298
59.8822512888216,14.6345147406053,8.28275271622153,1.01229938842255,8150.401
59.8992682149535,14.60875217593,8.26181423720031,1.03242020745212,8150.503
59.9149387307476,14.5825143917859,8.24014961132114,1.03678059849104,8150.605
59.9301491250604,14.5559720128103,8.21813315761918,1.02733778507786,8150.708
59.9450518989329,14.5286613810231,8.19535116721046,1.00748222894618,8150.811
59.9603360459004,14.5016822509784,8.17304067905974,0.980600054003085,8150.914
59.9765856349145,14.4749458757625,8.15126662857619,0.947958486359842,8151.017
59.9932490714271,14.4491559990178,8.13057560757533,0.911943161943013,8151.12
60.0114337398048,14.4241203194882,8.11107051769422,0.887697315180523,8151.222
60.0305801936481,14.4002757046253,8.09303817734432,0.881344491527427,8151.325
60.050513331395,14.3762786995047,8.07514292803788,0.889765397414811,8151.428
60.0702385958929,14.352473897966,8.05745814806312,0.908467705239891,8151.531
60.0893618745013,14.3285820850888,8.03960638760924,0.934454941446441,8151.633
60.1078091334972,14.3041602937667,8.0211367040595,0.963185416911204,8151.735
60.1252974313431,14.2790605012673,8.00182442330901,0.996215306644264,8151.837
60.1416549974148,14.2532119707506,7.98154757776594,1.02353106981794,8151.939
60.1575948286552,14.2267774421054,7.96065651903456,1.03435709398913,8152.042
60.1734476295536,14.2002133036947,7.93968146083103,1.02934755232722,8152.145
60.1893757998404,14.1740702685497,7.91919666855155,1.01336686221362,8152.248
60.2061088153131,14.1477502506852,7.89884197483981,0.988629929987477,8152.351
60.2232024022256,14.1223762773832,7.87956837255367,0.958405580262186,8152.454
60.2412667562538,14.0973120715416,7.86095027514665,0.924728365699783,8152.556
60.2600025242875,14.0727244805983,7.8430655688132,0.911669918776336,8152.66
60.2791033852399,14.0480295033982,7.82527027798489,0.914941172681429,8152.763
60.2976533092227,14.0237049225967,7.80774341287416,0.928095610110884,8152.865
60.3158053033729,13.99907156231,7.78988065204899,0.95000956586406,8152.968
60.3335212919846,13.9737490307108,7.77130653115842,0.978770131972077,8153.07
60.350623290788,13.9476377540893,7.75186915317443,1.01276928492769,8153.174
60.3667814292225,13.9209371993484,7.73165022564802,1.05030561412755,8153.278
60.3816279307743,13.8941771904206,7.7110277562232,1.08385199725802,8153.381
60.3958764452092,13.8667594307342,7.68965600749632,1.10052035016935,8153.483
60.4096890381939,13.839451082239,7.66831052327978,1.10892826958814,8153.585
60.4096890381939,13.839451082239,7.66831052327978,1.10892826958814,8153.585
60.4233184694696,13.8117260162153,7.64657415986126,1.11901760407266,8153.689
60.4368056461733,13.78390793839,7.6247661078596,1.1181316349487,8153.792
60.4503804358831,13.7561546937702,7.60311159026768,1.10965857306379,8153.894
60.464097666274,13.7288192949865,7.58196253059445,1.10094623183049,8153.996
60.4779650797838,13.7015583198922,7.56099903373995,1.1027868590366,8154.099
60.4917906239098,13.6739241070647,7.53973630708399,1.11684805118232,8154.202
60.5051290417249,13.6460562546265,7.51815300533697,1.13960186411092,8154.305
60.5179288606531,13.6176235274198,7.4959179147968,1.1571631823893,8154.408
60.5301005133206,13.5895957531071,7.47390576651978,1.16834052361749,8154.51
60.5421233011213,13.5611618591138,7.45152137071807,1.17070620797778,8154.613
60.5541293349883,13.5327366285087,7.42919994568608,1.17482996893884,8154.716
60.5659010238171,13.5042113218343,7.40676234607905,1.18974118225645,8154.819
60.577147117794,13.4754684060711,7.38399274911346,1.2132483112465,8154.922
60.5876413968687,13.4464376480874,7.36074049755424,1.24294302919145,8155.026
60.5973982857451,13.4168509935436,7.33675705160486,1.26597896184678,8155.129
60.6063255197539,13.3876117678769,7.31284466232223,1.28945100218036,8155.231
60.6146592820661,13.3575614849155,7.28800866383802,1.31910422599721,8155.335
60.6219728374182,13.3275473198561,7.262874125179,1.3533286988284,8155.438
60.6281509990698,13.2975872373995,7.23740778186973,1.39075746864794,8155.541
60.6331345507439,13.2668110454859,7.210774404915,1.43134832088273,8155.644
60.6366604622868,13.2361457972997,7.18372683469812,1.47337097952173,8155.747
60.6386960219687,13.2056372956729,7.15628666336155,1.51649519997176,8155.849
60.6392825632559,13.1747636792256,7.12797979944815,1.56118502819965,8155.952
60.638410301688,13.1441954468086,7.09941552026108,1.60627986124514,8156.054
60.6360284650341,13.1131078168618,7.06980670051021,1.65290403037059,8156.158
60.6327134848222,13.0831098825444,7.04085539314845,1.69795252415361,8156.26
60.6287300434179,13.0539197869493,7.01239987886445,1.74127570049307,8156.362
60.6234258260768,13.0247559135327,6.98346356619437,1.78497956219756,8156.465
60.6168674943684,12.9959231450065,6.95434993164703,1.82866774114106,8156.568
60.6090518344202,12.9675137042164,6.92513984352335,1.86989989645766,8156.671
60.5996179660104,12.9381247942268,6.89439868343595,1.90101711903053,8156.773
60.5892045568184,12.9088499884802,6.86338125374026,1.92820113266503,8156.877
60.5783092603387,12.8800741051708,6.83263540351378,1.93732292472172,8156.98
60.5673398626481,12.8514837221807,6.80203157510696,1.93406429419743,8157.082
60.5564671033708,12.8225160660478,6.77111841890002,1.9200023498793,8157.185
60.546103610377,12.793378966501,6.74024872290847,1.89711493455461,8157.288
60.546103610377,12.793378966501,6.74024872290847,1.89711493455461,8157.288
60.5365580526524,12.76428074359,6.70973545712639,1.87148731479572,8157.391
60.5275805775648,12.7343638641404,6.67869263965629,1.8440991061775,8157.494
60.5195029241332,12.7044116157682,6.64797224107478,1.82002073238961,8157.597
60.5120759944406,12.6745686752882,6.61761100739095,1.80835391355425,8157.699
60.5048271909735,12.6443498418452,6.58697807484334,1.80269175311755,8157.802
60.497747879177,12.6142060593748,6.55648516600112,1.80104733204297,8157.906
60.4906256192735,12.5840088376547,6.52593062579838,1.80760079418525,8158.009
60.483353742596,12.5544492328025,6.49590672156024,1.82091160750217,8158.111
60.4755435432109,12.5245907466002,6.46539875040539,1.83669577205714,8158.214
60.4672365318145,12.4948589934724,6.43481300524253,1.85523482543022,8158.317
60.4584315046452,12.4652916859858,6.40418265895675,1.86544182026985,8158.42
60.4495304156874,12.4360354482102,6.37380147117339,1.86602219258504,8158.523
60.4405192474285,12.4065280904056,6.34314801089201,1.87063040014531,8158.625
60.4313801194787,12.3773619925913,6.31275823552538,1.88235826114584,8158.728
60.4216282489969,12.3477521282533,6.28171839798351,1.90113527371914,8158.831
60.4114469711923,12.3189150626665,6.25121626125146,1.92640430938936,8158.934
60.4004054958689,12.2900754852965,6.22036816208914,1.95343846540733,8159.037
60.3886410732695,12.2612833216651,6.18927427770779,1.96515715393798,8159.14
60.3767913647499,12.2327025071708,6.15833997288527,1.96041345568632,8159.243
60.365210077935,12.2040278660395,6.1274273073992,1.94423506993725,8159.346
60.3542870809636,12.1754230730419,6.09684264509382,1.91996548211032,8159.449
60.3439022936343,12.1459926681077,6.06571800391547,1.88908719440257,8159.552
60.3345932789154,12.1165256680712,6.0349928357879,1.85527240410039,8159.656
60.3261517504324,12.0867934680274,6.00437571369969,1.83359211536175,8159.758
60.3183448976268,12.0572071152181,5.97415088415222,1.82041181577445,8159.861
60.3108281359171,12.0272383023244,5.94369717385355,1.81126298902331,8159.964
60.3033737904192,11.9969216050268,5.91295521237656,1.81486161143198,8160.067
60.2958470346605,11.9672660939016,5.88279327508812,1.82867438015558,8160.17
60.2876529782211,11.9371593388132,5.85195238185519,1.85094576772917,8160.273
60.2789276990782,11.9078336000501,5.82161254647558,1.87362653965396,8160.376
60.2695685882233,11.8783928741418,5.79091211414953,1.88384314886669,8160.479
60.2600582194057,11.8489845184311,5.76018157697256,1.88049769628414,8160.581
60.2508439852246,11.819788931748,5.72976813089289,1.86736178898997,8160.684
60.2419993079653,11.790168181136,5.69912009738781,1.85044329038307,8160.787
60.2419993079653,11.790168181136,5.69912009738781,1.85044329038307,8160.787
60.2336320219797,11.7604072897821,5.6685427859196,1.83426149107408,8160.889
60.2257633849773,11.7304992561888,5.63803978862144,1.81796521878359,8160.992
60.2182602895764,11.7001755318523,5.60731304019824,1.80979263610231,8161.096
60.2109903427967,11.6704693151337,5.57725066853359,1.81606898251846,8161.199
60.203261091946,11.6402807790562,5.54656491741854,1.83283746814566,8161.303
60.1950720701689,11.6105260433003,5.51608884240659,1.84803194312785,8161.405
60.1866208002039,11.5811403299002,5.4858439697714,1.85213268151489,8161.507
60.1781672421167,11.5517290319146,5.45557857833207,1.84555938059613,8161.609
60.1698413111309,11.5216495198275,5.42476264346272,1.83035847823077,8161.712
60.1621942554047,11.492336223101,5.3949308993171,1.82238472680359,8161.815
60.1544696173852,11.4624367335874,5.36453945704353,1.82861455871371,8161.918
60.1464372300419,11.4322752612452,5.33378675891571,1.83399216473503,8162.021
60.1385094771596,11.4027077434054,5.30362237656718,1.82782537435304,8162.123
60.1308122415494,11.3727804963728,5.27323394974087,1.81077527508186,8162.226
60.123786681323,11.3429957245847,5.24326423407438,1.78618747476024,8162.329
60.1174426144124,11.31244820518,5.2128993800506,1.75579582363921,8162.432
60.1120238421675,11.2820144830279,5.18304050827483,1.7321631836342,8162.535
60.1072092112532,11.2517737593713,5.1536261895464,1.72446684165061,8162.637
60.1024645404332,11.2215792484335,5.12429771730496,1.73158577218377,8162.739
60.0973807196815,11.1914316392721,5.09488052300826,1.74913587881271,8162.842
60.0915578255171,11.1607996998787,5.06472155626411,1.77490772181151,8162.945
60.0850188905529,11.1309296765109,5.03495278044194,1.80544515044623,8163.047
60.0774950946374,11.1009696833651,5.0046860510442,1.83731894185917,8163.15
60.0689587528926,11.0712713668889,4.97422315144682,1.87318208707376,8163.253
60.0594377446576,11.0421934122016,4.94389611519193,1.90993579923554,8163.356
60.0489733827976,11.0131398817168,4.91318364663385,1.92692170380181,8163.458
60.0380805192453,10.9838777709824,4.8820987866618,1.92688888742289,8163.562
60.0275127546014,10.9551407410907,4.85163003076592,1.91544005793836,8163.665
60.0171736957217,10.9256948683628,4.82062557926755,1.89485304846974,8163.768
60.0076973118769,10.896595536603,4.7903130511632,1.86811174797279,8163.871
59.9989552859304,10.8669514466585,4.7598369576794,1.84050966168153,8163.973
59.9910100206271,10.8373888417521,4.72979013054392,1.82173904891783,8164.075
59.9834993254418,10.8074060255448,4.69956519658037,1.80442675900194,8164.179
59.9765780937607,10.7772725229124,4.66947493822904,1.78632032956574,8164.282
59.9700294551446,10.7470668477911,4.63949632320871,1.78409432112099,8164.384
59.9634779608355,10.7172000208863,4.6098320737356,1.79363932005153,8164.486
59.9634779608355,10.7172000208863,4.6098320737356,1.79363932005153,8164.486
59.9564738347129,10.687113177127,4.57978073081582,1.81185926327717,8164.589
59.9489112007756,10.657466533412,4.54988383204174,1.83672857699285,8164.692
59.9404738991773,10.6277410757168,4.51953285747219,1.86662104045134,8164.795
59.9310030361854,10.5980106490814,4.48871948727261,1.90124687183213,8164.898
59.9205965949969,10.5689158172767,4.45805672337039,1.93465732670973,8165.001
59.9093961561678,10.5404420142285,4.42759269773996,1.96274709119625,8165.104
59.8973669318747,10.5119993079618,4.39678358502693,1.97952539061262,8165.207
59.8850455827285,10.4836571145903,4.3659329793132,1.9791982958506,8165.309
59.872993775568,10.4555292582337,4.33539629205671,1.96639884704489,8165.411
59.861180676443,10.4266592047209,4.30430713184991,1.9442893811304,8165.515
59.8502932822633,10.3980866443565,4.27390476170476,1.91652629319278,8165.618
59.8400981767716,10.3689340979821,4.24330318135165,1.88535618282341,8165.72
59.8305939686245,10.3392467001514,4.21254460046573,1.86626192004011,8165.824
59.8210696629401,10.3101945162488,4.18234796440202,1.84662847187677,8165.926
59.8125092550596,10.2802925219678,4.15184300802416,1.83745132941136,8166.03
59.8043228780086,10.2505121474211,4.12162690542992,1.84384121468213,8166.133
59.7958157719836,10.2208090953987,4.09134156641708,1.86092314671463,8166.236
59.7867980519371,10.1915649337137,4.0612363757249,1.88574944563616,8166.338
59.7770427800605,10.1622496938465,4.03073400483865,1.91276324834952,8166.441
59.7676171691063,10.1331438594051,4.00057620292357,1.93565885226374,8166.544
59.757537975564,10.1039305555404,3.97002575814212,1.96253765383407,8166.647
59.7455289047594,10.0754653361806,3.93924294375502,1.99371406227785,8166.749
59.7328310144882,10.0476507596604,3.90871611698273,2.00793868033547,8166.851
59.7198965586864,10.019937462044,3.87816922615267,2.00627875170031,8166.953
59.7069886653692,9.99184382121287,3.84729900675652,1.99263419153997,8167.057
59.6945397773794,9.96356745081894,3.81648261652985,1.9723304668172,8167.159
59.6827031670964,9.93504203174425,3.78573410486914,1.95100012095882,8167.262
59.6713986993881,9.90659250193886,3.75530440871617,1.94623565918474,8167.364
59.6599378768287,9.87754930252511,3.72428019747346,1.9468934776958,8167.468
59.6493611426134,9.84907970480423,3.69418160174893,1.93688986340251,8167.57
59.6387025322759,9.82048337070851,3.66393712466811,1.9264989782123,8167.672
59.6280992264325,9.79142494337713,3.63331620148111,1.90802623996037,8167.776
59.6180507619175,9.76184068107495,3.60250061921007,1.88175591843952,8167.88
59.6089137704234,9.73165555972978,3.57159735347019,1.84949768806398,8167.985
59.6007753349998,9.70185404306075,3.5415189987853,1.82087360746568,8168.087
59.6007753349998,9.70185404306075,3.5415189987853,1.82087360746568,8168.087
59.5937943350455,9.67171250821299,3.51171117064142,1.80793492519231,8168.19
59.5866448041731,9.64197596240783,3.48219687474385,1.81098147788972,8168.293
59.5790901598737,9.61171649322785,3.45204758472889,1.82586345083708,8168.396
59.5711398089156,9.58217133645915,3.42234930588506,1.84902067787686,8168.498
59.5622525392529,9.55226329386906,3.39189361208039,1.87897913312107,8168.602
59.5525134735238,9.52293447751337,3.3615405932539,1.91326850821161,8168.705
59.5418511431651,9.49424748890056,3.33130479395603,1.94936787023273,8168.808
59.5299035320776,9.46542001504364,3.30032236548962,1.98806916404078,8168.911
59.517172427966,9.43760241989497,3.26983833774786,2.01430757922056,8169.013
59.5036635739607,9.40947251567446,3.23870172347084,2.02151536019683,8169.117
59.4903726473408,9.38189618474291,3.20815554654775,2.01418198149795,8169.219
59.4772742767538,9.35390531133121,3.17734499678252,1.99623824660869,8169.322
59.4648751441498,9.32590581513678,3.14687421788575,1.97075631506442,8169.425
59.4529788656115,9.29702734756045,3.11589166053056,1.93913873337239,8169.528
59.4421420167816,9.26835369651527,3.08561787705876,1.92021246237877,8169.63
59.4315309587188,9.23900464678597,3.05487840625998,1.91514177178755,8169.735
59.4210334535071,9.20995561625473,3.02446516408476,1.92332525008146,8169.838
59.4101801117483,9.18103288065997,2.99399261127116,1.9416257846684,8169.941
59.3987128758482,9.1523383258997,2.96341757487712,1.96704740008714,8170.043
59.3864582293473,9.12396276413042,2.93272845538194,1.99772324975513,8170.146
59.3733099628272,9.09600167405484,2.90195114322676,2.03045798755659,8170.249
59.3592937583078,9.06847172302571,2.87111032175846,2.06035377413659,8170.352
59.3447966443803,9.04155301987985,2.84055516052882,2.07203949455002,8170.454
59.3299937969224,9.01445297907679,2.80968941896651,2.06792275959248,8170.558
59.3152551466379,8.98693589916511,2.778496667599,2.05222876094075,8170.661
59.3013028765149,8.95969254726768,2.74793858424358,2.02883822419023,8170.763
59.2879138750808,8.93184814651038,2.71714912885809,2.00078855010614,8170.866
59.275447602953,8.90388668970503,2.68673012586009,1.97031458824731,8170.968
59.2637618956783,8.87527771378057,2.65615615115013,1.93938361383726,8171.071
59.2528821624134,8.84634797484631,2.62572631584503,1.91789799476377,8171.175
59.2424357002688,8.81725811817312,2.59539276802544,1.91461264317385,8171.275
59.2322553809752,8.78906195075529,2.56597598503526,1.92428232424248,8171.378
59.2214798806821,8.76043054875421,2.53589200172239,1.94372817973821,8171.48
59.2099511663675,8.73176455796949,2.50539985964605,1.97065510324341,8171.582
59.1974661166226,8.70316919000941,2.47448035495459,2.00338620373962,8171.686
59.1842799952874,8.67554348650871,2.44402969304972,2.03661336206067,8171.788
59.1842799952874,8.67554348650871,2.44402969304972,2.03661336206067,8171.788
59.1701098356185,8.64809350177418,2.41321894155246,2.06112398754152,8171.891
59.1555740509826,8.6211787581875,2.38267535853991,2.07505241588452,8171.994
59.1403737551485,8.59393513815012,2.35150496815781,2.08365593472411,8172.097
59.1253705240472,8.56725312611003,2.32091693850398,2.07851438649004,8172.2
59.110331668358,8.53991032114558,2.28974810286483,2.06279899259353,8172.303
59.0960762099214,8.51283352324225,2.259217903135,2.04030583536798,8172.405
59.082231901748,8.4848767126232,2.22815739738411,2.01184384754421,8172.509
59.0693364963101,8.45680620957925,2.19750461564933,1.98160320069686,8172.612
59.0573495446811,8.42862855401453,2.16724847152268,1.96242398848259,8172.714
59.0457719288134,8.40030843340936,2.13709955274749,1.95323086345785,8172.817
59.0342816111811,8.37161842269935,2.1066972600119,1.95143457620268,8172.92
59.0226675185661,8.3427142063674,2.07606264261805,1.95655644003329,8173.023
59.0110923035209,8.31444576463876,2.04600035582926,1.96525692119403,8173.125
58.9991567707166,8.28597671590298,2.01558911787174,1.9716401659132,8173.228
58.9871971390259,8.25780713108997,1.98543050818713,1.97290336203067,8173.331
58.9750428020752,8.22941423833495,1.95499238236561,1.98042986585777,8173.433
58.9627645445057,8.20140925278593,1.92482543783391,1.99032126225071,8173.535
58.9501931540507,8.17353212048852,1.89461757997568,2.00172218467376,8173.638
58.9372839885638,8.145484647101,1.86409358148308,2.00168718693545,8173.741
58.9244714234762,8.11734588794303,1.83355876111627,1.99121912724822,8173.844
58.9120375131887,8.08904545261261,1.80311298781744,1.97335682558446,8173.946
58.8999840863196,8.06025042962935,1.7724854913345,1.9565294449243,8174.05
58.8885885356861,8.03182817102747,1.7425567413845,1.94446068983738,8174.153
58.8773057278519,8.00306266343251,1.7124329072761,1.94506937692125,8174.255
58.865892840216,7.97437515224237,1.6823274604316,1.95620895731921,8174.359
58.8542029934156,7.94580147619448,1.65218550278901,1.9638359033901,8174.461
58.8423222758589,7.91728484774216,1.62200798182645,1.96959041464354,8174.565
58.8302324112386,7.88887986097609,1.59182806356193,1.979784288568,8174.667
58.8178435945451,7.86062007042162,1.56161946565572,1.98952557688073,8174.771
58.8052500003007,7.83238982629172,1.53134092987535,1.99012047164856,8174.873
58.792714450558,7.8040880727635,1.50106450549285,1.98264964924694,8174.976
58.780322639002,7.77543096246049,1.4706148587307,1.97183614039099,8175.08
58.7684790948589,7.74719635091611,1.44086423749199,1.96366659049404,8175.183
58.7565398720944,7.71836913459445,1.41061924662577,1.96357617777893,8175.286
58.7448083342053,7.69010111617596,1.38098784233249,1.96706667729083,8175.388
58.7448083342053,7.69010111617596,1.38098784233249,1.96706667729083,8175.388
58.7328156699391,7.6616551666102,1.35109970868909,1.97541799498702,8175.491
58.7206933293195,7.63358721515673,1.32147567130151,1.98092326068232,8175.593
58.7085028339588,7.6055091181963,1.29184578993784,1.97766915437784,8175.696
58.6963368330609,7.57708102625951,1.26200418677187,1.97011652156952,8175.799
58.6843772588253,7.54857685902581,1.23228638458989,1.9684120733378,8175.901
58.6724767394579,7.52036394473396,1.20289145307265,1.97254075250443,8176.004
58.6603775599174,7.49193175149118,1.17326355384266,1.97244296875283,8176.107
58.6482939824337,7.46351184133786,1.14372240576781,1.97634551070346,8176.209
58.6361076849101,7.43545338819826,1.11446121588032,1.99030908414511,8176.312
58.6233792911906,7.40731475334828,1.0848564048483,2.00252080622126,8176.415
58.6104029340127,7.37927824123421,1.05523666163537,2.00475787484576,8176.517
58.597453015547,7.35122045805619,1.02569402569577,1.9989869180812,8176.62
58.5847263602262,7.32302522781716,0.996283918268519,1.98564149806364,8176.723
